Voltage,1,5,10,20,30,40,60,80,100,80_pred,100_pred
-0.996,0.0009036,0.001072,0.001176,0.001265,0.001376,0.001449,0.001515,0.001563,0.001614,0.0015624166666666618,0.0016105400000000025
-0.992,0.000896,0.001061,0.001165,0.001253,0.001362,0.001435,0.001502,0.00155,0.001601,0.0015499766666666646,0.0015982966666666723
-0.988,0.0008889,0.001052,0.001154,0.001242,0.00135,0.001422,0.00149,0.001538,0.001589,0.001536749999999998,0.0015840066666666696
-0.984,0.0008825,0.001043,0.001144,0.001232,0.001338,0.00141,0.001478,0.001526,0.001577,0.0015228166666666747,0.0015687966666666643
-0.98,0.0008765,0.001035,0.001135,0.001222,0.001327,0.001399,0.001468,0.001516,0.001566,0.001514546666666672,0.0015610733333333376
-0.976,0.000871,0.001027,0.001127,0.001213,0.001317,0.00139,0.001458,0.001506,0.001555,0.001503460000000003,0.001550316666666658
-0.972,0.0008661,0.00102,0.001119,0.001205,0.001308,0.001381,0.001449,0.001498,0.001546,0.001496496666666667,0.0015424366666666627
-0.968,0.0008621,0.001014,0.001112,0.001197,0.0013,0.001373,0.001441,0.001489,0.001538,0.0014866100000000037,0.001533166666666662
-0.964,0.0008585,0.001008,0.001106,0.00119,0.001293,0.001365,0.001433,0.001481,0.00153,0.0014821233333333376,0.0015290299999999924
-0.96,0.0008549,0.001003,0.0011,0.001184,0.001286,0.001357,0.001426,0.001474,0.001523,0.0014730933333333286,0.0015205466666666646
-0.956,0.000852,0.0009984,0.001095,0.001178,0.001279,0.00135,0.00142,0.001467,0.001516,0.001465403333333331,0.0015117966666666693
-0.952,0.000849,0.0009939,0.00109,0.001173,0.001273,0.001344,0.001414,0.001461,0.001509,0.0014597233333333312,0.0015056933333333308
-0.948,0.0008465,0.0009896,0.001086,0.001168,0.001267,0.001339,0.001409,0.001456,0.001503,0.0014548466666666714,0.0014997133333333294
-0.944,0.0008436,0.0009859,0.001081,0.001163,0.001261,0.001334,0.001404,0.001451,0.001497,0.0014505566666666622,0.0014957700000000074
-0.94,0.000841,0.0009822,0.001077,0.001158,0.001257,0.001329,0.0014,0.001446,0.001492,0.001444886666666668,0.001489836666666663
-0.936,0.0008383,0.0009785,0.001073,0.001154,0.001252,0.001325,0.001396,0.001442,0.001488,0.0014422666666666659,0.0014880333333333285
-0.932,0.0008362,0.000975,0.00107,0.001151,0.001248,0.001321,0.001392,0.001438,0.001483,0.0014379399999999967,0.0014826133333333369
-0.928,0.0008342,0.0009717,0.001066,0.001147,0.001244,0.001317,0.001388,0.001434,0.00148,0.001434139999999996,0.0014790499999999954
-0.924,0.0008325,0.0009686,0.001063,0.001144,0.00124,0.001314,0.001385,0.001431,0.001476,0.0014305333333333341,0.0014749799999999944
-0.92,0.0008303,0.0009653,0.001059,0.00114,0.001237,0.001311,0.001382,0.001428,0.001473,0.001427909999999999,0.0014724133333333335
-0.916,0.0008277,0.0009619,0.001056,0.001137,0.001233,0.001308,0.00138,0.001426,0.00147,0.0014252033333333309,0.0014694066666666747
-0.912,0.0008251,0.0009582,0.001053,0.001134,0.00123,0.001305,0.001377,0.001423,0.001468,0.0014234533333333363,0.0014677933333333416
-0.908,0.0008224,0.0009544,0.00105,0.001131,0.001227,0.001303,0.001375,0.001421,0.001466,0.0014205233333333368,0.001465156666666674
-0.904,0.0008198,0.0009507,0.001047,0.001128,0.001225,0.0013,0.001373,0.001419,0.001464,0.0014193400000000022,0.0014642700000000051
-0.9,0.0008167,0.000947,0.001044,0.001126,0.001222,0.001298,0.001371,0.001417,0.001461,0.0014175300000000002,0.0014614899999999963
-0.896,0.000814,0.0009433,0.001041,0.001123,0.00122,0.001296,0.001369,0.001416,0.001459,0.0014156033333333274,0.0014588599999999935
-0.892,0.0008109,0.0009397,0.001037,0.00112,0.001217,0.001294,0.001367,0.001414,0.001458,0.001413786666666672,0.0014569233333333357
-0.888,0.000808,0.0009358,0.001034,0.001117,0.001215,0.001292,0.001366,0.001413,0.001456,0.001413283333333334,0.0014562000000000067
-0.884,0.0008049,0.0009316,0.001031,0.001115,0.001213,0.00129,0.001364,0.001412,0.001455,0.0014114966666666712,0.0014542266666666664
-0.88,0.0008014,0.0009271,0.001027,0.001112,0.001211,0.001288,0.001363,0.001411,0.001454,0.0014109533333333327,0.0014537933333333374
-0.876,0.0007975,0.0009227,0.001024,0.00111,0.001208,0.001287,0.001362,0.00141,0.001453,0.0014096666666666708,0.0014526599999999973
-0.872,0.0007939,0.0009185,0.001021,0.001107,0.001207,0.001285,0.001361,0.001409,0.001452,0.0014089733333333301,0.0014521000000000035
-0.868,0.00079,0.0009147,0.001018,0.001104,0.001205,0.001284,0.00136,0.001409,0.001452,0.0014087199999999979,0.001451696666666669
-0.864,0.0007863,0.0009108,0.001015,0.001102,0.001203,0.001283,0.00136,0.001408,0.001451,0.0014081700000000046,0.0014511466666666621
-0.86,0.0007825,0.0009068,0.001012,0.0011,0.001202,0.001282,0.00136,0.001408,0.001451,0.0014080200000000068,0.00145099666666666
-0.856,0.0007787,0.0009028,0.001009,0.001098,0.001201,0.001281,0.00136,0.001408,0.001451,0.001407990000000007,0.0014509633333333264
-0.852,0.0007749,0.0008989,0.001007,0.001097,0.0012,0.001281,0.00136,0.001408,0.001451,0.0014079333333333402,0.0014509066666666599
-0.848,0.0007712,0.0008951,0.001004,0.001095,0.001199,0.00128,0.00136,0.001408,0.001451,0.0014080500000000064,0.001450969999999993
-0.844,0.0007677,0.0008918,0.001002,0.001094,0.001198,0.00128,0.00136,0.001408,0.001451,0.0014082066666666706,0.0014509833333333265
-0.84,0.0007643,0.0008886,0.001,0.001093,0.001198,0.001279,0.00136,0.001409,0.001451,0.0014086133333333316,0.0014508399999999943
-0.836,0.0007611,0.0008857,0.0009986,0.001092,0.001197,0.001279,0.001361,0.001409,0.001452,0.0014089133333333294,0.0014517900000000018
-0.832,0.0007583,0.0008831,0.0009969,0.001091,0.001197,0.00128,0.001362,0.00141,0.001453,0.0014098866666666708,0.0014527866666666635
-0.828,0.0007557,0.0008809,0.0009955,0.001091,0.001198,0.00128,0.001363,0.001411,0.001454,0.0014112600000000001,0.0014542200000000037
-0.824,0.0007533,0.000879,0.0009945,0.001091,0.001198,0.00128,0.001363,0.001412,0.001455,0.001411820000000005,0.0014547666666666658
-0.82,0.0007515,0.0008775,0.0009937,0.001091,0.001199,0.001281,0.001365,0.001413,0.001456,0.001413539999999999,0.0014563233333333403
-0.816,0.0007498,0.000876,0.0009932,0.001091,0.001199,0.001282,0.001366,0.001415,0.001458,0.0014146133333333315,0.0014574933333333364
-0.812,0.0007485,0.000875,0.0009928,0.001091,0.0012,0.001283,0.001367,0.001416,0.001459,0.0014155033333333262,0.0014583099999999959
-0.808,0.0007475,0.0008744,0.0009927,0.001092,0.001201,0.001284,0.001369,0.001418,0.001461,0.0014187966666666582,0.0014629966666666618
-0.804,0.0007468,0.0008741,0.000993,0.001093,0.001202,0.001286,0.001371,0.00142,0.001462,0.001421103333333326,0.001463583333333337
-0.8,0.0007465,0.0008744,0.000994,0.001094,0.001204,0.001288,0.001373,0.001422,0.001464,0.0014223033333333273,0.0014651466666666725
-0.796,0.0007466,0.0008749,0.0009951,0.001095,0.001205,0.00129,0.001375,0.001424,0.001466,0.0014235433333333273,0.0014661366666666737
-0.792,0.0007469,0.0008755,0.0009964,0.001097,0.001207,0.001292,0.001377,0.001426,0.001468,0.0014259899999999972,0.0014680600000000076
-0.788,0.0007475,0.0008766,0.000998,0.001099,0.001209,0.001294,0.001379,0.001429,0.001471,0.001427843333333338,0.0014698233333333365
-0.784,0.0007483,0.000878,0.0009997,0.001101,0.001212,0.001297,0.001382,0.001431,0.001474,0.0014302733333333357,0.0014730399999999953
-0.78,0.0007493,0.0008797,0.001002,0.001104,0.001214,0.001299,0.001385,0.001434,0.001477,0.0014334166666666636,0.0014763733333333347
-0.776,0.0007506,0.0008818,0.001004,0.001106,0.001217,0.001302,0.001388,0.001437,0.00148,0.0014365433333333355,0.0014793499999999962
-0.772,0.000752,0.0008839,0.001006,0.001109,0.001219,0.001305,0.001391,0.00144,0.001483,0.0014398033333333324,0.0014828200000000053
-0.768,0.0007536,0.0008862,0.001009,0.001112,0.001222,0.001308,0.001394,0.001443,0.001486,0.0014432966666666712,0.001485936666666663
-0.764,0.0007554,0.0008889,0.001012,0.001115,0.001225,0.001312,0.001397,0.001447,0.001489,0.0014460866666666612,0.0014883966666666697
-0.76,0.0007575,0.0008917,0.001015,0.001118,0.001228,0.001315,0.001401,0.001451,0.001493,0.0014506166666666618,0.0014930500000000049
-0.756,0.00076,0.0008949,0.001019,0.001122,0.001232,0.001319,0.001405,0.001455,0.001497,0.0014549299999999975,0.0014969566666666724
-0.752,0.0007627,0.0008982,0.001022,0.001126,0.001235,0.001323,0.001408,0.001459,0.001501,0.0014585533333333267,0.0015008799999999929
-0.748,0.0007655,0.0009016,0.001026,0.001129,0.001239,0.001327,0.001412,0.001462,0.001505,0.0014625633333333365,0.0015057433333333292
-0.744,0.0007686,0.0009051,0.001029,0.001133,0.001243,0.001331,0.001416,0.001467,0.001508,0.0014680799999999986,0.0015129733333333372
-0.74,0.0007718,0.0009089,0.001033,0.001137,0.001247,0.001335,0.001421,0.001471,0.001513,0.0014727633333333331,0.0015192166666666614
-0.736,0.0007752,0.0009128,0.001038,0.001141,0.001251,0.001339,0.001425,0.001475,0.001517,0.0014799600000000009,0.0015288466666666639
-0.732,0.0007787,0.000917,0.001042,0.001145,0.001255,0.001344,0.001429,0.00148,0.001522,0.0014818133333333297,0.0015276000000000068
-0.728,0.0007825,0.0009214,0.001046,0.00115,0.001259,0.001349,0.001434,0.001484,0.001526,0.0014859933333333324,0.0015310100000000095
-0.724,0.0007865,0.0009258,0.001051,0.001154,0.001264,0.001353,0.001439,0.001489,0.001531,0.0014888766666666697,0.0015328400000000032
-0.72,0.0007906,0.0009304,0.001055,0.001159,0.001269,0.001358,0.001443,0.001494,0.001536,0.0014928099999999976,0.00153617333333333
-0.716,0.0007948,0.0009351,0.00106,0.001163,0.001273,0.001363,0.001448,0.001499,0.00154,0.0014987133333333247,0.0015406633333333306
-0.712,0.0007991,0.0009397,0.001065,0.001168,0.001278,0.001368,0.001453,0.001504,0.001545,0.0015039433333333344,0.001546926666666671
-0.708,0.0008033,0.0009444,0.001069,0.001173,0.001283,0.001373,0.001458,0.001509,0.00155,0.0015083766666666636,0.0015512166666666644
-0.704,0.0008077,0.0009492,0.001074,0.001178,0.001288,0.001378,0.001463,0.001514,0.001555,0.0015149200000000031,0.0015579833333333242
-0.7,0.0008122,0.0009543,0.001079,0.001183,0.001293,0.001384,0.001469,0.001519,0.001561,0.0015189266666666649,0.0015621599999999958
-0.696,0.0008168,0.0009595,0.001085,0.001189,0.001298,0.001389,0.001474,0.001525,0.001566,0.0015256466666666657,0.001569426666666672
-0.692,0.0008214,0.0009646,0.00109,0.001194,0.001304,0.001395,0.00148,0.00153,0.001572,0.001530419999999994,0.0015740000000000053
-0.688,0.0008259,0.0009699,0.001095,0.001199,0.001309,0.0014,0.001485,0.001536,0.001577,0.0015360999999999953,0.001578819999999998
-0.684,0.0008305,0.000975,0.001101,0.001205,0.001315,0.001406,0.001491,0.001542,0.001583,0.0015414933333333285,0.0015847866666666675
-0.68,0.0008351,0.0009802,0.001106,0.00121,0.00132,0.001412,0.001497,0.001548,0.001589,0.001548989999999999,0.001593810000000003
-0.676,0.0008396,0.0009855,0.001111,0.001216,0.001326,0.001417,0.001503,0.001553,0.001595,0.0015545266666666733,0.0016005233333333392
-0.672,0.0008442,0.0009907,0.001117,0.001221,0.001331,0.001423,0.001509,0.001559,0.001601,0.001559143333333328,0.0016021500000000055
-0.668,0.0008488,0.0009959,0.001122,0.001227,0.001337,0.001429,0.001514,0.001565,0.001607,0.0015646066666666625,0.0016077266666666733
-0.664,0.0008533,0.001001,0.001127,0.001232,0.001343,0.001435,0.00152,0.001571,0.001613,0.0015708166666666612,0.0016140466666666607
-0.66,0.0008577,0.001006,0.001133,0.001238,0.001348,0.001441,0.001526,0.001577,0.001619,0.0015775333333333307,0.0016213033333333272
-0.656,0.0008621,0.001011,0.001138,0.001243,0.001354,0.001447,0.001532,0.001583,0.001625,0.0015842533333333333,0.0016274366666666608
-0.652,0.0008665,0.001016,0.001143,0.001249,0.00136,0.001453,0.001538,0.001589,0.001631,0.0015864266666666689,0.0016283633333333287
-0.648,0.0008708,0.001021,0.001149,0.001254,0.001365,0.001459,0.001544,0.001595,0.001637,0.0015965766666666734,0.0016398966666666664
-0.644,0.0008751,0.001026,0.001154,0.001259,0.001371,0.001464,0.00155,0.001601,0.001643,0.0016007400000000065,0.0016428933333333363
-0.64,0.0008792,0.001031,0.001159,0.001265,0.001376,0.00147,0.001556,0.001607,0.00165,0.001609046666666673,0.0016525833333333295
-0.636,0.0008833,0.001035,0.001164,0.00127,0.001381,0.001476,0.001562,0.001613,0.001656,0.0016131099999999931,0.0016560633333333292
-0.632,0.0008874,0.00104,0.001169,0.001275,0.001387,0.001481,0.001568,0.001619,0.001662,0.0016216966666666613,0.0016659366666666644
-0.628,0.0008913,0.001044,0.001173,0.00128,0.001392,0.001487,0.001573,0.001625,0.001667,0.0016252499999999943,0.0016672099999999917
-0.624,0.0008951,0.001048,0.001178,0.001285,0.001397,0.001493,0.001579,0.00163,0.001673,0.0016293500000000068,0.0016722499999999936
-0.62,0.0008988,0.001052,0.001182,0.00129,0.001402,0.001498,0.001585,0.001636,0.001679,0.00163665333333334,0.00168027666666666
-0.616,0.0009023,0.001056,0.001187,0.001295,0.001407,0.001504,0.00159,0.001642,0.001685,0.0016415833333333265,0.0016849099999999958
-0.612,0.0009056,0.00106,0.001191,0.001299,0.001412,0.001509,0.001596,0.001648,0.001691,0.0016474733333333292,0.00169073333333333
-0.608,0.0009088,0.001063,0.001195,0.001304,0.001417,0.001514,0.001601,0.001653,0.001696,0.001653630000000004,0.001697293333333325
-0.604,0.0009119,0.001067,0.001199,0.001308,0.001421,0.00152,0.001607,0.001659,0.001702,0.0016594200000000058,0.001703319999999996
-0.6,0.0009149,0.00107,0.001203,0.001313,0.001426,0.001525,0.001612,0.001664,0.001707,0.0016647766666666672,0.0017077933333333362
-0.596,0.0009179,0.001073,0.001206,0.001317,0.001431,0.00153,0.001617,0.00167,0.001713,0.0016698800000000025,0.0017130400000000046
-0.592,0.0009207,0.001076,0.00121,0.001321,0.001435,0.001535,0.001622,0.001675,0.001718,0.0016744899999999955,0.0017179466666666658
-0.588,0.0009234,0.001079,0.001214,0.001325,0.001439,0.00154,0.001627,0.00168,0.001724,0.0016801266666666692,0.0017242000000000002
-0.584,0.0009258,0.001082,0.001217,0.001329,0.001444,0.001544,0.001632,0.001685,0.001729,0.0016844166666666667,0.0017284399999999952
-0.58,0.0009281,0.001085,0.00122,0.001333,0.001448,0.001549,0.001637,0.00169,0.001734,0.0016907033333333418,0.00173500333333334
-0.576,0.0009302,0.001087,0.001223,0.001336,0.001452,0.001554,0.001642,0.001695,0.00174,0.001695446666666669,0.0017402433333333378
-0.572,0.0009322,0.00109,0.001227,0.00134,0.001456,0.001558,0.001647,0.001701,0.001745,0.0017000666666666694,0.0017442966666666652
-0.568,0.0009342,0.001092,0.00123,0.001344,0.00146,0.001563,0.001652,0.001706,0.00175,0.0017068833333333318,0.0017512033333333277
-0.564,0.0009361,0.001095,0.001233,0.001347,0.001464,0.001568,0.001657,0.001711,0.001755,0.0017104966666666706,0.0017548766666666679
-0.56,0.0009379,0.001097,0.001236,0.001351,0.001467,0.001572,0.001662,0.001716,0.00176,0.0017158199999999972,0.0017595899999999984
-0.556,0.0009396,0.001099,0.001239,0.001354,0.001471,0.001577,0.001667,0.001721,0.001765,0.001720886666666658,0.0017653066666666706
-0.552,0.0009412,0.001102,0.001242,0.001358,0.001475,0.001581,0.001672,0.001726,0.001771,0.0017254466666666683,0.0017706233333333373
-0.548,0.000943,0.001104,0.001244,0.001361,0.001479,0.001586,0.001676,0.001731,0.001776,0.0017319033333333311,0.0017776733333333323
-0.544,0.0009446,0.001106,0.001247,0.001365,0.001483,0.00159,0.001681,0.001736,0.001781,0.0017363066666666676,0.0017817766666666623
-0.54,0.0009464,0.001108,0.00125,0.001368,0.001487,0.001595,0.001686,0.001741,0.001786,0.0017413899999999987,0.001786866666666667
-0.536,0.0009482,0.00111,0.001253,0.001372,0.001491,0.001599,0.001691,0.001746,0.001791,0.0017456366666666742,0.0017911566666666623
-0.532,0.0009502,0.001113,0.001256,0.001376,0.001496,0.001604,0.001696,0.001751,0.001796,0.0017522633333333349,0.001799000000000007
-0.528,0.0009521,0.001115,0.00126,0.00138,0.0015,0.001609,0.001701,0.001757,0.001802,0.0017572300000000037,0.0018028500000000069
-0.524,0.0009541,0.001117,0.001263,0.001383,0.001504,0.001614,0.001706,0.001762,0.001807,0.001762256666666668,0.0018079966666666705
-0.52,0.0009562,0.00112,0.001266,0.001387,0.001509,0.001619,0.001712,0.001767,0.001813,0.001767583333333338,0.0018143200000000014
-0.516,0.0009581,0.001123,0.001269,0.001391,0.001513,0.001624,0.001717,0.001773,0.001819,0.001772546666666676,0.0018189500000000036
-0.512,0.00096,0.001125,0.001273,0.001395,0.001518,0.001629,0.001722,0.001778,0.001824,0.0017775166666666679,0.0018243233333333326
-0.508,0.0009619,0.001128,0.001276,0.001399,0.001522,0.001634,0.001728,0.001784,0.00183,0.0017835533333333375,0.0018305099999999985
-0.504,0.0009637,0.001131,0.00128,0.001403,0.001527,0.001639,0.001733,0.00179,0.001836,0.001791290000000005,0.0018371799999999982
-0.5,0.0009653,0.001133,0.001283,0.001408,0.001532,0.001645,0.001739,0.001796,0.001842,0.0017957100000000063,0.0018424633333333374
-0.496,0.000967,0.001136,0.001287,0.001412,0.001536,0.00165,0.001744,0.001801,0.001848,0.0017999066666666696,0.0018472366666666688
-0.492,0.0009684,0.001138,0.00129,0.001416,0.001541,0.001655,0.00175,0.001807,0.001854,0.0018098233333333354,0.0018605333333333396
-0.488,0.0009698,0.001141,0.001294,0.001421,0.001546,0.001661,0.001756,0.001813,0.00186,0.0018131533333333328,0.0018620333333333246
-0.484,0.0009711,0.001143,0.001297,0.001425,0.001551,0.001666,0.001762,0.001819,0.001866,0.0018198866666666702,0.0018687833333333322
-0.48,0.0009722,0.001145,0.001301,0.001429,0.001556,0.001672,0.001768,0.001825,0.001873,0.0018259700000000044,0.0018746633333333396
-0.476,0.0009733,0.001148,0.001305,0.001434,0.001561,0.001677,0.001773,0.001831,0.001879,0.0018298000000000058,0.0018788100000000038
-0.472,0.0009746,0.001151,0.001308,0.001438,0.001566,0.001683,0.001779,0.001837,0.001885,0.0018360966666666615,0.0018846433333333408
-0.468,0.000976,0.001154,0.001312,0.001442,0.001571,0.001688,0.001785,0.001844,0.001891,0.0018442933333333356,0.001892289999999994
-0.464,0.0009776,0.001156,0.001315,0.001447,0.001576,0.001694,0.001791,0.00185,0.001898,0.0018486700000000071,0.0018971666666666677
-0.46,0.0009794,0.001159,0.001319,0.001451,0.001581,0.0017,0.001797,0.001856,0.001904,0.0018553933333333372,0.0019033533333333381
-0.456,0.0009815,0.001163,0.001323,0.001456,0.001586,0.001705,0.001803,0.001862,0.00191,0.0018606399999999957,0.0019095666666666708
-0.452,0.0009838,0.001166,0.001327,0.00146,0.001592,0.001711,0.001809,0.001868,0.001917,0.0018680166666666601,0.0019169999999999964
-0.448,0.0009863,0.001169,0.001332,0.001465,0.001597,0.001717,0.001815,0.001875,0.001923,0.0018781400000000014,0.0019273733333333364
-0.444,0.0009889,0.001173,0.001336,0.00147,0.001602,0.001723,0.001822,0.001881,0.00193,0.0018794300000000068,0.0019284933333333287
-0.44,0.0009916,0.001176,0.00134,0.001475,0.001608,0.001729,0.001828,0.001888,0.001937,0.0018843733333333361,0.0019334466666666669
-0.436,0.0009944,0.00118,0.001345,0.00148,0.001613,0.001735,0.001834,0.001894,0.001943,0.0018943333333333349,0.0019437933333333272
-0.432,0.0009972,0.001183,0.001349,0.001485,0.001619,0.001741,0.00184,0.0019,0.00195,0.0018998133333333407,0.0019499366666666685
-0.428,0.001,0.001187,0.001354,0.00149,0.001624,0.001747,0.001847,0.001907,0.001957,0.0019057366666666653,0.0019558833333333282
-0.424,0.001003,0.001191,0.001359,0.001496,0.00163,0.001754,0.001853,0.001914,0.001963,0.001910856666666673,0.001960866666666668
-0.42,0.001006,0.001196,0.001363,0.001501,0.001636,0.00176,0.00186,0.00192,0.00197,0.0019187133333333328,0.0019692100000000103
-0.416,0.00101,0.0012,0.001368,0.001506,0.001641,0.001766,0.001866,0.001927,0.001977,0.0019270966666666718,0.0019769233333333386
-0.412,0.001013,0.001204,0.001373,0.001512,0.001647,0.001773,0.001873,0.001934,0.001984,0.001934586666666664,0.001984753333333331
-0.408,0.001017,0.001208,0.001378,0.001517,0.001653,0.001779,0.001879,0.00194,0.00199,0.0019382133333333352,0.0019882433333333347
-0.404,0.00102,0.001213,0.001383,0.001523,0.001659,0.001785,0.001885,0.001947,0.001997,0.0019464100000000002,0.0019963200000000098
-0.4,0.001024,0.001217,0.001389,0.001528,0.001665,0.001791,0.001892,0.001954,0.002004,0.001952356666666671,0.0020022200000000046
-0.396,0.001028,0.001222,0.001394,0.001534,0.001671,0.001798,0.001899,0.001961,0.002011,0.0019597866666666635,0.0020099599999999973
-0.392,0.001032,0.001227,0.001399,0.00154,0.001677,0.001805,0.001905,0.001967,0.002018,0.001967340000000003,0.002018163333333336
-0.388,0.001036,0.001231,0.001405,0.001545,0.001684,0.001811,0.001912,0.001974,0.002025,0.001971139999999999,0.0020217166666666726
-0.384,0.001041,0.001236,0.00141,0.001551,0.00169,0.001818,0.001919,0.001981,0.002032,0.0019840766666666715,0.002036243333333334
-0.38,0.001045,0.001241,0.001416,0.001557,0.001696,0.001825,0.001926,0.001988,0.002039,0.001987836666666664,0.002039116666666673
-0.376,0.00105,0.001246,0.001422,0.001564,0.001703,0.001832,0.001933,0.001995,0.002046,0.001996196666666668,0.002047419999999998
-0.372,0.001055,0.001251,0.001428,0.00157,0.001709,0.001839,0.00194,0.002003,0.002054,0.0020016666666666603,0.002052726666666668
-0.368,0.00106,0.001257,0.001434,0.001576,0.001716,0.001846,0.001948,0.00201,0.002061,0.002009983333333333,0.0020611133333333256
-0.364,0.001066,0.001263,0.00144,0.001583,0.001723,0.001853,0.001955,0.002017,0.002069,0.00202117666666667,0.0020738999999999927
-0.36,0.001071,0.001269,0.001446,0.00159,0.00173,0.001861,0.001962,0.002025,0.002076,0.0020241533333333387,0.0020754866666666647
-0.356,0.001077,0.001275,0.001453,0.001597,0.001737,0.001868,0.00197,0.002032,0.002084,0.002030336666666667,0.0020821599999999905
-0.352,0.001083,0.001281,0.00146,0.001604,0.001745,0.001876,0.001977,0.00204,0.002092,0.0020405133333333326,0.002093013333333326
-0.348,0.00109,0.001288,0.001467,0.001611,0.001752,0.001884,0.001985,0.002048,0.0021,0.002049413333333334,0.002101653333333328
-0.344,0.001096,0.001295,0.001474,0.001618,0.00176,0.001891,0.001993,0.002056,0.002108,0.0020552933333333277,0.002107439999999999
-0.34,0.001103,0.001302,0.001482,0.001626,0.001768,0.001899,0.002001,0.002064,0.002116,0.0020659699999999977,0.0021185033333333382
-0.336,0.001111,0.001309,0.001489,0.001633,0.001775,0.001907,0.002009,0.002072,0.002124,0.0020722533333333323,0.002124283333333339
-0.332,0.001118,0.001317,0.001497,0.001641,0.001783,0.001915,0.002017,0.00208,0.002132,0.002079223333333336,0.002131750000000008
-0.328,0.001126,0.001325,0.001505,0.001649,0.001791,0.001923,0.002025,0.002088,0.002141,0.00208631666666666,0.002139466666666664
-0.324,0.001135,0.001333,0.001514,0.001657,0.0018,0.001932,0.002034,0.002096,0.002149,0.0020958799999999922,0.0021488166666666655
-0.32,0.001144,0.001342,0.001522,0.001665,0.001808,0.00194,0.002042,0.002105,0.002157,0.0021062866666666734,0.002158736666666666
-0.316,0.001154,0.001351,0.001531,0.001674,0.001817,0.001949,0.00205,0.002113,0.002166,0.00211301,0.0021660866666666687
-0.312,0.001164,0.001361,0.001541,0.001683,0.001826,0.001958,0.002059,0.002122,0.002175,0.002122643333333332,0.0021759800000000027
-0.308,0.001174,0.001371,0.001551,0.001692,0.001835,0.001967,0.002068,0.002131,0.002184,0.0021291799999999953,0.002181919999999999
-0.304,0.001185,0.001382,0.001561,0.001702,0.001844,0.001976,0.002077,0.00214,0.002192,0.0021412999999999983,0.0021941133333333363
-0.3,0.001197,0.001393,0.001571,0.001711,0.001854,0.001986,0.002086,0.002149,0.002201,0.002148686666666663,0.002201366666666671
-0.296,0.001209,0.001405,0.001582,0.001722,0.001864,0.001996,0.002095,0.002158,0.00221,0.0021601033333333284,0.0022127800000000036
-0.292,0.001222,0.001417,0.001594,0.001732,0.001874,0.002006,0.002105,0.002167,0.00222,0.0021686399999999986,0.0022217399999999994
-0.288,0.001237,0.001431,0.001606,0.001743,0.001885,0.002016,0.002115,0.002177,0.00223,0.002179303333333329,0.0022329899999999968
-0.284,0.001252,0.001445,0.001619,0.001755,0.001896,0.002027,0.002125,0.002187,0.00224,0.0021876400000000063,0.002240793333333341
-0.28,0.001268,0.00146,0.001632,0.001767,0.001907,0.002039,0.002136,0.002198,0.00225,0.002203013333333333,0.002257516666666656
-0.276,0.001285,0.001476,0.001647,0.00178,0.001919,0.002051,0.002147,0.002208,0.002261,0.0022075833333333266,0.0022613266666666647
-0.272,0.001303,0.001493,0.001662,0.001794,0.001932,0.002063,0.002158,0.002219,0.002272,0.002218053333333334,0.002270670000000007
-0.268,0.001323,0.001512,0.001678,0.001808,0.001945,0.002076,0.00217,0.002231,0.002283,0.0022322133333333278,0.0022852633333333354
-0.264,0.001345,0.001532,0.001696,0.001823,0.001959,0.00209,0.002183,0.002243,0.002294,0.002244639999999998,0.002296160000000003
-0.26,0.001368,0.001553,0.001714,0.001839,0.001973,0.002104,0.002196,0.002256,0.002307,0.0022512933333333355,0.0023017033333333245
-0.256,0.001393,0.001575,0.001734,0.001857,0.001988,0.002119,0.002209,0.002269,0.002319,0.0022700499999999996,0.0023216033333333273
-0.252,0.00142,0.0016,0.001755,0.001875,0.002005,0.002135,0.002224,0.002282,0.002333,0.002279673333333338,0.002329906666666665
-0.248,0.00145,0.001626,0.001777,0.001894,0.002022,0.002151,0.002239,0.002297,0.002346,0.0022981633333333303,0.002347226666666662
-0.244,0.001481,0.001654,0.001801,0.001914,0.00204,0.002169,0.002255,0.002312,0.002361,0.0023127199999999934,0.0023623099999999916
-0.24,0.001516,0.001684,0.001827,0.001936,0.00206,0.002187,0.002272,0.002328,0.002375,0.0023291099999999967,0.002375973333333338
-0.236,0.001553,0.001717,0.001854,0.00196,0.00208,0.002207,0.002289,0.002344,0.002391,0.0023434133333333413,0.0023891133333333323
-0.232,0.001593,0.001752,0.001883,0.001985,0.002101,0.002227,0.002307,0.002361,0.002407,0.002361976666666658,0.0024078066666666717
-0.228,0.001636,0.001789,0.001915,0.002011,0.002124,0.002249,0.002326,0.002379,0.002423,0.0023848733333333406,0.0024300933333333283
-0.224,0.001682,0.001829,0.001948,0.00204,0.002148,0.002272,0.002346,0.002398,0.002441,0.002405453333333339,0.0024510566666666794
-0.22,0.001731,0.001872,0.001984,0.00207,0.002174,0.002296,0.002368,0.002417,0.002459,0.0024281466666666693,0.0024746933333333267
-0.216,0.001783,0.001917,0.002022,0.002102,0.002201,0.002321,0.00239,0.002438,0.002478,0.0024516833333333415,0.002497806666666659
-0.212,0.001839,0.001966,0.002062,0.002136,0.00223,0.002348,0.002413,0.002459,0.002498,0.002469346666666662,0.0025165933333333333
-0.208,0.001898,0.002018,0.002105,0.002172,0.002259,0.002376,0.002437,0.002481,0.002518,0.0024886266666666597,0.002534290000000006
-0.204,0.00196,0.002073,0.002151,0.00221,0.002291,0.002405,0.002462,0.002504,0.002538,0.0025125733333333238,0.00255661000000001
-0.2,0.002026,0.00213,0.002199,0.00225,0.002324,0.002435,0.002488,0.002527,0.002559,0.0025375099999999876,0.0025765666666666604
-0.196,0.002094,0.002191,0.002249,0.002292,0.002358,0.002466,0.002515,0.002552,0.002581,0.0025554399999999995,0.002584426666666663
-0.192,0.002166,0.002254,0.002302,0.002336,0.002394,0.002499,0.002543,0.002577,0.002604,0.002589710000000009,0.002625340000000012
-0.188,0.002239,0.002321,0.002357,0.002382,0.002431,0.002533,0.002572,0.002603,0.002627,0.0026130133333333427,0.002638833333333342
-0.184,0.002315,0.002389,0.002415,0.002429,0.002469,0.002568,0.002601,0.00263,0.002651,0.0026280500000000068,0.002644806666666658
-0.18,0.002393,0.00246,0.002474,0.002478,0.002509,0.002604,0.00263,0.002657,0.002675,0.0026670400000000072,0.0026862566666666587
-0.176,0.002471,0.002533,0.002535,0.002529,0.002549,0.00264,0.002661,0.002684,0.0027,0.002699933333333341,0.002715916666666672
-0.172,0.00255,0.002606,0.002597,0.00258,0.00259,0.002678,0.002691,0.002712,0.002725,0.0027279733333333434,0.002744773333333324
-0.168,0.002629,0.002681,0.00266,0.002632,0.002631,0.002716,0.002722,0.002741,0.002751,0.0027422566666666644,0.002752636666666652
-0.164,0.002707,0.002756,0.002723,0.002684,0.002673,0.002754,0.002753,0.00277,0.002777,0.002766426666666674,0.00277395333333333
-0.16,0.002785,0.002831,0.002786,0.002736,0.002715,0.002793,0.002784,0.002799,0.002803,0.0028054199999999986,0.0028066499999999995
-0.156,0.00286,0.002905,0.002849,0.002788,0.002757,0.002832,0.002816,0.002829,0.00283,0.002833306666666664,0.002832676666666669
-0.152,0.002933,0.002978,0.00291,0.002839,0.002798,0.002871,0.002847,0.002859,0.002858,0.00286337333333332,0.0028651566666666787
-0.148,0.003003,0.003049,0.00297,0.002889,0.002839,0.002911,0.002878,0.002889,0.002885,0.0028847900000000034,0.0028857233333333472
-0.144,0.003069,0.003117,0.003027,0.002938,0.002879,0.002949,0.002909,0.002919,0.002913,0.0029168333333333346,0.0029225433333333476
-0.14,0.003129,0.003181,0.003081,0.002984,0.002918,0.002988,0.002939,0.002949,0.002941,0.00291636999999999,0.0029188899999999965
-0.136,0.003184,0.00324,0.003131,0.003027,0.002954,0.003025,0.002969,0.002979,0.002969,0.0029689633333333204,0.0029715033333333335
-0.132,0.003232,0.003295,0.003176,0.003067,0.002989,0.003061,0.002998,0.003009,0.002996,0.002999333333333339,0.0029930366666666673
-0.128,0.003273,0.003343,0.003217,0.003104,0.003022,0.003097,0.003026,0.003038,0.003024,0.003027466666666661,0.0030155266666666803
-0.124,0.003305,0.003384,0.003252,0.003137,0.003052,0.003131,0.003053,0.003067,0.003052,0.003038080000000006,0.003013016666666684
-0.12,0.003328,0.003418,0.003282,0.003166,0.003079,0.003163,0.00308,0.003096,0.00308,0.0030647666666666594,0.003034206666666665
-0.116,0.00334,0.003444,0.003306,0.003191,0.003104,0.003194,0.003106,0.003123,0.003107,0.003101043333333326,0.0030765699999999977
-0.112,0.003341,0.00346,0.003323,0.003212,0.003125,0.003222,0.00313,0.00315,0.003133,0.003125263333333324,0.003099260000000014
-0.108,0.00333,0.003467,0.003335,0.003228,0.003144,0.003248,0.003153,0.003176,0.003159,0.003153696666666655,0.0031302600000000136
-0.104,0.003306,0.003463,0.003339,0.00324,0.003158,0.003272,0.003174,0.0032,0.003184,0.00320466333333332,0.003191806666666656
-0.1,0.00327,0.00345,0.003337,0.003246,0.00317,0.003293,0.003193,0.003222,0.003207,0.003221156666666649,0.0032071333333333206
-0.096,0.003224,0.003427,0.003327,0.003248,0.003179,0.003311,0.003211,0.003244,0.003229,0.0032383266666666717,0.0032241066666666702
-0.092,0.003167,0.003396,0.003312,0.003245,0.003184,0.003326,0.003226,0.003263,0.00325,0.003260246666666672,0.00324853999999999
-0.088,0.003103,0.003359,0.00329,0.003239,0.003187,0.003339,0.00324,0.003281,0.00327,0.003278699999999993,0.003269136666666661
-0.084,0.003033,0.003318,0.003264,0.003229,0.003189,0.003349,0.003253,0.003298,0.003289,0.0033009200000000127,0.0032941266666666534
-0.08,0.002962,0.003273,0.003235,0.003216,0.003188,0.003357,0.003265,0.003314,0.003307,0.003314680000000013,0.003313469999999982
-0.076,0.002896,0.003226,0.003204,0.003201,0.003187,0.003363,0.003275,0.003328,0.003324,0.003328390000000003,0.003328616666666661
-0.072,0.00284,0.003179,0.003173,0.003186,0.003185,0.003368,0.003285,0.003341,0.00334,0.003346170000000012,0.003349616666666669
-0.068,0.002798,0.003132,0.003143,0.003171,0.003183,0.003371,0.003293,0.003353,0.003355,0.003355546666666683,0.003362633333333329
-0.064,0.002772,0.003089,0.003116,0.003157,0.003181,0.003373,0.003301,0.003364,0.003369,0.003360466666666675,0.0033701866666666575
-0.06,0.00276,0.003051,0.003093,0.003146,0.00318,0.003374,0.003308,0.003374,0.003383,0.0033770833333333274,0.003389600000000014
-0.056,0.002759,0.003021,0.003074,0.003137,0.00318,0.003374,0.003315,0.003382,0.003395,0.003383593333333331,0.0033975633333333467
-0.052,0.002768,0.003,0.00306,0.003131,0.00318,0.003374,0.003321,0.00339,0.003406,0.003389570000000002,0.0034059800000000116
-0.048,0.002783,0.002989,0.003052,0.003128,0.003182,0.003375,0.003326,0.003398,0.003417,0.003396116666666673,0.003415070000000006
-0.044,0.002801,0.002987,0.003049,0.003128,0.003185,0.003376,0.003331,0.003405,0.003426,0.003402193333333335,0.0034250766666666784
-0.04,0.002822,0.002992,0.00305,0.003129,0.003188,0.003377,0.003336,0.003411,0.003434,0.003409440000000016,0.003432856666666684
-0.036,0.002843,0.003003,0.003055,0.003133,0.003192,0.003379,0.00334,0.003416,0.003441,0.0034151233333333296,0.00343997333333335
-0.032,0.002864,0.003017,0.003063,0.003139,0.003197,0.003381,0.003344,0.003421,0.003447,0.0034202366666666673,0.0034461166666666623
-0.028,0.002886,0.003034,0.003073,0.003146,0.003203,0.003384,0.003348,0.003426,0.003452,0.003424320000000007,0.0034504233333333373
-0.024,0.002907,0.003052,0.003086,0.003155,0.003209,0.003389,0.003353,0.003431,0.003458,0.003429519999999992,0.0034565299999999902
-0.02,0.002928,0.003071,0.0031,0.003164,0.003216,0.003395,0.003359,0.003436,0.003463,0.0034339999999999917,0.0034609099999999933
-0.016,0.002948,0.00309,0.003113,0.003174,0.003223,0.0034,0.003364,0.003442,0.003468,0.003441489999999979,0.0034679933333333435
-0.012,0.002967,0.003108,0.003127,0.003183,0.00323,0.003407,0.00337,0.003447,0.003473,0.003445539999999985,0.003471443333333324
-0.008,0.002986,0.003126,0.00314,0.003192,0.003237,0.003413,0.003375,0.003452,0.003477,0.003449953333333335,0.0034754966666666496
-0.004,0.003003,0.003142,0.003151,0.0032,0.003243,0.003418,0.003379,0.003456,0.003481,0.0034547600000000033,0.003479593333333321
0.0,0.003018,0.003158,0.003162,0.003207,0.003248,0.003423,0.003383,0.003459,0.003483,0.00345824,0.0034823766666666673
0.004,0.003032,0.003172,0.003171,0.003213,0.003252,0.003426,0.003385,0.003461,0.003485,0.0034602866666666766,0.003484196666666656
0.008,0.003044,0.003184,0.003179,0.003219,0.003255,0.003429,0.003387,0.003462,0.003486,0.003461379999999995,0.0034851433333333293
0.012,0.003055,0.003196,0.003186,0.003223,0.003257,0.003431,0.003388,0.003463,0.003486,0.0034622233333333283,0.0034853366666666606
0.016,0.003063,0.003206,0.003192,0.003226,0.003258,0.003432,0.003388,0.003462,0.003485,0.003461709999999992,0.003484793333333322
0.02,0.003069,0.003214,0.003197,0.003228,0.003258,0.003431,0.003386,0.00346,0.003483,0.0034598966666666716,0.003483010000000002
0.024,0.003072,0.00322,0.003199,0.003227,0.003256,0.003429,0.003382,0.003456,0.003479,0.0034569200000000026,0.0034801300000000045
0.028,0.003072,0.003224,0.003199,0.003225,0.003252,0.003426,0.003376,0.00345,0.003474,0.0034510633333333196,0.0034750433333333246
0.032,0.00307,0.003226,0.003198,0.003221,0.003247,0.00342,0.003369,0.003443,0.003468,0.0034450199999999853,0.003470036666666677
0.036,0.003064,0.003225,0.003194,0.003215,0.00324,0.003413,0.00336,0.003435,0.003461,0.0034355566666666557,0.0034622500000000113
0.04,0.003055,0.003222,0.003187,0.003207,0.003231,0.003403,0.003348,0.003424,0.003452,0.0034261633333333243,0.0034537766666666745
0.044,0.003042,0.003215,0.003178,0.003196,0.00322,0.003392,0.003336,0.003412,0.003441,0.003412883333333329,0.003441406666666681
0.048,0.003025,0.003205,0.003166,0.003183,0.003207,0.003378,0.003321,0.003398,0.003428,0.0033921900000000085,0.0034201633333333288
0.052,0.003005,0.003191,0.003152,0.003167,0.003191,0.003362,0.003305,0.003383,0.003414,0.003377860000000011,0.0034024266666666716
0.056,0.00298,0.003174,0.003134,0.003148,0.003172,0.003344,0.003286,0.003365,0.003397,0.0033568333333333215,0.003382233333333328
0.06,0.002952,0.003153,0.003113,0.003127,0.003151,0.003324,0.003266,0.003346,0.003379,0.0033362166666666576,0.003363876666666669
0.064,0.002918,0.003127,0.003088,0.003102,0.003128,0.0033,0.003243,0.003324,0.003358,0.003315219999999994,0.003345053333333318
0.068,0.002881,0.003097,0.003059,0.003073,0.003102,0.003274,0.003218,0.0033,0.003335,0.00328730666666666,0.00332039999999999
0.072,0.002838,0.003062,0.003027,0.003042,0.003072,0.003244,0.00319,0.003273,0.00331,0.0032657899999999967,0.003301376666666676
0.076,0.00279,0.003022,0.00299,0.003007,0.00304,0.003211,0.003161,0.003244,0.003283,0.0032271000000000123,0.00326562333333334
0.08,0.002736,0.002978,0.00295,0.002968,0.003005,0.003175,0.003129,0.003213,0.003253,0.003191940000000006,0.00323416333333332
0.084,0.002678,0.002928,0.002905,0.002926,0.002967,0.003137,0.003095,0.00318,0.003222,0.0031650099999999902,0.0032079733333333174
0.088,0.002614,0.002874,0.002857,0.002881,0.002926,0.003096,0.003058,0.003144,0.003188,0.0031222466666666754,0.003167173333333325
0.092,0.002546,0.002815,0.002804,0.002832,0.002883,0.003052,0.00302,0.003106,0.003153,0.0030896333333333462,0.003140893333333322
0.096,0.002473,0.002751,0.002749,0.002781,0.002837,0.003005,0.002979,0.003065,0.003115,0.003054269999999997,0.0031074433333333237
0.1,0.002397,0.002683,0.002689,0.002727,0.00279,0.002957,0.002937,0.003023,0.003076,0.00299943333333333,0.0030492666666666625
0.104,0.002318,0.002611,0.002627,0.00267,0.002739,0.002906,0.002893,0.00298,0.003035,0.002978049999999992,0.003030770000000005
0.108,0.002238,0.002536,0.002563,0.002612,0.002688,0.002854,0.002848,0.002935,0.002992,0.002927250000000009,0.002978149999999997
0.112,0.002156,0.002459,0.002497,0.002553,0.002636,0.0028,0.002803,0.00289,0.002949,0.002888423333333319,0.0029413233333333236
0.116,0.002075,0.002381,0.00243,0.002493,0.002583,0.002746,0.002757,0.002844,0.002904,0.0028341366666666573,0.0028843233333333395
0.12,0.001996,0.002303,0.002363,0.002434,0.00253,0.002692,0.002712,0.002797,0.00286,0.0027947233333333412,0.0028487566666666577
0.124,0.001918,0.002226,0.002297,0.002375,0.002477,0.002638,0.002666,0.002751,0.002815,0.0027547999999999887,0.0028121566666666755
0.128,0.001844,0.00215,0.002232,0.002317,0.002425,0.002585,0.002622,0.002706,0.002771,0.002701693333333328,0.002752566666666661
0.132,0.001773,0.002077,0.002169,0.002261,0.002375,0.002534,0.002578,0.002661,0.002727,0.002651206666666678,0.002709900000000008
0.136,0.001706,0.002006,0.002108,0.002206,0.002326,0.002483,0.002536,0.002618,0.002685,0.002611303333333339,0.0026719433333333414
0.14,0.001643,0.001939,0.002049,0.002154,0.002279,0.002435,0.002495,0.002576,0.002643,0.00256567333333334,0.0026241166666666578
0.144,0.001585,0.001876,0.001994,0.002105,0.002234,0.002389,0.002455,0.002535,0.002603,0.002526106666666659,0.002586350000000009
0.148,0.00153,0.001816,0.001941,0.002058,0.002191,0.002344,0.002417,0.002496,0.002564,0.002485280000000011,0.002546093333333339
0.152,0.001479,0.001761,0.001892,0.002014,0.00215,0.002302,0.002381,0.002458,0.002526,0.002444586666666661,0.0025049133333333337
0.156,0.001433,0.001709,0.001846,0.001973,0.002111,0.002263,0.002346,0.002423,0.002491,0.0024171066666666585,0.002479410000000009
0.16,0.001391,0.001662,0.001804,0.001934,0.002075,0.002225,0.002313,0.002389,0.002457,0.0023804299999999894,0.0024435100000000046
0.164,0.001352,0.001618,0.001764,0.001898,0.002041,0.00219,0.002283,0.002357,0.002425,0.0023518366666666754,0.0024158800000000044
0.168,0.001317,0.001578,0.001728,0.001865,0.002009,0.002158,0.002253,0.002326,0.002394,0.002319846666666671,0.0023828666666666676
0.172,0.001286,0.001541,0.001694,0.001834,0.00198,0.002127,0.002226,0.002298,0.002366,0.00228963333333334,0.002352509999999991
0.176,0.001257,0.001508,0.001664,0.001805,0.001952,0.002099,0.0022,0.002271,0.002339,0.002266806666666675,0.0023291033333333257
0.18,0.001231,0.001478,0.001635,0.001779,0.001927,0.002072,0.002175,0.002246,0.002314,0.0022398733333333343,0.002303380000000004
0.184,0.001207,0.00145,0.001609,0.001754,0.001903,0.002047,0.002152,0.002222,0.002292,0.002217273333333324,0.0022809866666666625
0.188,0.001185,0.001424,0.001585,0.001731,0.00188,0.002024,0.002131,0.0022,0.00227,0.0021950566666666584,0.002259516666666664
0.192,0.001165,0.001401,0.001563,0.00171,0.001859,0.002002,0.00211,0.002179,0.002249,0.0021750466666666675,0.002239923333333327
0.196,0.001147,0.00138,0.001543,0.00169,0.001839,0.001981,0.002091,0.002159,0.002227,0.0021544233333333387,0.0022175599999999943
0.2,0.00113,0.001361,0.001523,0.001671,0.001821,0.001962,0.002072,0.002139,0.002205,0.00213832,0.002200860000000007
0.204,0.001115,0.001343,0.001506,0.001654,0.001803,0.001943,0.002054,0.002121,0.002183,0.00211864666666667,0.002178656666666671
0.208,0.001101,0.001326,0.001489,0.001637,0.001786,0.001925,0.002037,0.002104,0.002164,0.0021008866666666613,0.002159233333333341
0.212,0.001088,0.001311,0.001474,0.001622,0.00177,0.001908,0.002021,0.002087,0.002147,0.0020885866666666623,0.00214755333333334
0.216,0.001076,0.001296,0.001459,0.001607,0.001755,0.001892,0.002005,0.002071,0.002131,0.0020697333333333364,0.00212765333333333
0.22,0.001065,0.001283,0.001445,0.001592,0.001741,0.001877,0.00199,0.002055,0.002114,0.00205553333333333,0.002113749999999993
0.224,0.001055,0.00127,0.001432,0.001579,0.001727,0.001862,0.001975,0.00204,0.002098,0.002042243333333333,0.002099916666666666
0.228,0.001045,0.001258,0.001419,0.001566,0.001714,0.001848,0.001961,0.002026,0.002082,0.0020257099999999965,0.002081573333333329
0.232,0.001036,0.001247,0.001408,0.001554,0.001701,0.001834,0.001948,0.002012,0.002067,0.0020124966666666736,0.002067810000000003
0.236,0.001027,0.001236,0.001396,0.001542,0.00169,0.001821,0.001934,0.001998,0.002052,0.0020026333333333394,0.0020580133333333406
0.24,0.001019,0.001226,0.001385,0.00153,0.001678,0.001808,0.001922,0.001985,0.002038,0.0019903566666666715,0.0020456899999999967
0.244,0.001012,0.001217,0.001375,0.001519,0.001667,0.001797,0.001909,0.001973,0.002025,0.0019733533333333355,0.002026210000000007
0.248,0.001004,0.001207,0.001365,0.001509,0.001655,0.001785,0.001897,0.001961,0.002014,0.001970026666666663,0.0020268133333333324
0.252,0.0009971,0.001198,0.001355,0.001499,0.001642,0.001773,0.001885,0.00195,0.002003,0.0019585966666666697,0.00201550666666666
0.256,0.0009904,0.00119,0.001346,0.001489,0.00163,0.00176,0.001874,0.001938,0.001993,0.0019429566666666646,0.0019991300000000065
0.26,0.0009839,0.001182,0.001337,0.00148,0.001618,0.001745,0.001863,0.001926,0.001983,0.0019339533333333292,0.0019944333333333356
0.264,0.0009777,0.001173,0.001328,0.00147,0.001608,0.001732,0.001853,0.001912,0.001973,0.0019201400000000077,0.0019826666666666673
0.268,0.0009718,0.001166,0.00132,0.001461,0.001599,0.00172,0.001842,0.001898,0.001962,0.0019043933333333359,0.001967280000000006
0.272,0.0009659,0.001158,0.001312,0.00145,0.001589,0.00171,0.001831,0.001885,0.001951,0.0018950500000000086,0.0019600033333333333
0.276,0.0009602,0.001151,0.001303,0.001439,0.00158,0.0017,0.001818,0.001874,0.001939,0.001889599999999999,0.0019573233333333422
0.28,0.0009548,0.001144,0.001296,0.001429,0.00157,0.00169,0.001804,0.001863,0.001928,0.0018657366666666637,0.0019284200000000019
0.284,0.0009492,0.001137,0.001288,0.00142,0.001561,0.001679,0.001791,0.001853,0.001917,0.0018548899999999968,0.0019169066666666638
0.288,0.0009438,0.00113,0.001281,0.001412,0.001552,0.001669,0.001781,0.001843,0.001907,0.0018426299999999966,0.0019037866666666643
0.292,0.0009386,0.001123,0.001273,0.001404,0.001542,0.001659,0.001771,0.001833,0.001896,0.0018322099999999904,0.0018930066666666715
0.296,0.0009334,0.001116,0.001264,0.001396,0.001533,0.001649,0.001762,0.001822,0.001886,0.0018253466666666607,0.001888680000000003
0.3,0.0009283,0.00111,0.001255,0.001388,0.001525,0.00164,0.001753,0.001812,0.001876,0.0018142299999999942,0.0018762999999999948
0.304,0.0009232,0.001103,0.001247,0.00138,0.001516,0.00163,0.001743,0.001802,0.001866,0.0018050966666666734,0.0018684833333333303
0.308,0.0009181,0.001097,0.001239,0.001372,0.001508,0.001621,0.001734,0.001793,0.001857,0.0018011733333333335,0.0018658099999999988
0.312,0.0009131,0.001091,0.001232,0.001364,0.0015,0.001613,0.001725,0.001783,0.001847,0.0017828633333333292,0.0018440066666666655
0.316,0.0009083,0.001085,0.001225,0.001356,0.001493,0.001605,0.001716,0.001775,0.001838,0.0017746733333333417,0.0018355933333333379
0.32,0.0009035,0.001079,0.001219,0.001349,0.001487,0.001598,0.001707,0.001767,0.001829,0.0017655100000000038,0.0018252066666666733
0.324,0.0008989,0.001073,0.001213,0.001341,0.00148,0.001591,0.001698,0.001759,0.00182,0.0017603900000000036,0.0018205466666666658
0.328,0.0008942,0.001068,0.001206,0.001334,0.001474,0.001585,0.00169,0.001753,0.001812,0.0017517100000000038,0.0018094833333333297
0.332,0.0008897,0.001062,0.0012,0.001327,0.001468,0.001579,0.001683,0.001746,0.001803,0.0017481433333333427,0.0018057999999999993
0.336,0.0008855,0.001055,0.001194,0.001321,0.001461,0.001572,0.001676,0.00174,0.001795,0.001740240000000005,0.001795276666666663
0.34,0.0008813,0.001049,0.001188,0.001315,0.001454,0.001565,0.001669,0.001734,0.001786,0.001731083333333338,0.0017834066666666682
0.344,0.0008771,0.001042,0.001182,0.00131,0.001447,0.001558,0.001663,0.001727,0.001778,0.0017256199999999963,0.0017770933333333316
0.348,0.0008731,0.001036,0.001176,0.001304,0.00144,0.001551,0.001658,0.00172,0.00177,0.0017181400000000012,0.0017685566666666664
0.352,0.000869,0.001031,0.00117,0.001299,0.001434,0.001543,0.001652,0.001712,0.001762,0.0017134366666666648,0.0017643400000000005
0.356,0.0008653,0.001026,0.001164,0.001294,0.001427,0.001537,0.001646,0.001705,0.001755,0.0017044400000000056,0.0017553433333333368
0.36,0.0008617,0.001021,0.001159,0.001288,0.001421,0.00153,0.00164,0.001698,0.001748,0.001698966666666662,0.0017500900000000077
0.364,0.0008582,0.001017,0.001154,0.001283,0.001415,0.001523,0.001634,0.001691,0.001741,0.0016943333333333324,0.0017464799999999988
0.368,0.0008549,0.001013,0.001149,0.001278,0.001409,0.001517,0.001627,0.001684,0.001734,0.0016833166666666707,0.0017337166666666721
0.372,0.0008516,0.001009,0.001144,0.001272,0.001404,0.00151,0.001621,0.001677,0.001727,0.0016788166666666644,0.0017303899999999972
0.376,0.0008484,0.001004,0.00114,0.001267,0.001398,0.001504,0.001614,0.001671,0.00172,0.0016710033333333279,0.0017206433333333345
0.38,0.0008451,0.0009999,0.001136,0.001262,0.001393,0.001498,0.001608,0.001664,0.001714,0.0016641366666666655,0.001714316666666665
0.384,0.0008419,0.0009958,0.001132,0.001257,0.001387,0.001492,0.001602,0.001658,0.001707,0.0016608766666666632,0.0017118100000000024
0.388,0.0008388,0.0009919,0.001128,0.001253,0.001382,0.001487,0.001596,0.001652,0.001701,0.0016521599999999928,0.0017015033333333369
0.392,0.0008361,0.0009881,0.001124,0.001248,0.001377,0.001481,0.00159,0.001646,0.001695,0.0016451299999999927,0.001694220000000001
0.396,0.0008334,0.0009844,0.00112,0.001243,0.001372,0.001476,0.001584,0.00164,0.001689,0.0016398499999999924,0.001689069999999999
0.4,0.0008308,0.0009808,0.001116,0.001239,0.001367,0.00147,0.001579,0.001634,0.001683,0.0016335833333333384,0.0016828699999999947
0.404,0.0008282,0.0009772,0.001113,0.001235,0.001362,0.001465,0.001573,0.001629,0.001677,0.0016281033333333296,0.001676179999999996
0.408,0.0008256,0.0009736,0.001109,0.001231,0.001358,0.00146,0.001568,0.001623,0.001671,0.0016240166666666633,0.0016730166666666616
0.412,0.000823,0.0009701,0.001105,0.001227,0.001353,0.001455,0.001563,0.001617,0.001665,0.0016163866666666616,0.001664786666666674
0.416,0.0008206,0.000967,0.001101,0.001223,0.001348,0.00145,0.001557,0.001612,0.00166,0.0016120766666666672,0.0016605366666666646
0.42,0.0008182,0.0009639,0.001097,0.001218,0.001344,0.001445,0.001552,0.001606,0.001654,0.0016055099999999994,0.0016537899999999955
0.424,0.0008159,0.0009611,0.001094,0.001214,0.00134,0.00144,0.001547,0.001601,0.001649,0.001600703333333337,0.0016488600000000044
0.428,0.0008138,0.0009582,0.001091,0.001211,0.001336,0.001436,0.001542,0.001596,0.001644,0.0015963766666666622,0.0016441466666666626
0.432,0.0008116,0.0009555,0.001088,0.001207,0.001331,0.001431,0.001538,0.001591,0.001639,0.0015909700000000034,0.001638436666666669
0.436,0.0008095,0.0009529,0.001085,0.001204,0.001328,0.001427,0.001533,0.001587,0.001634,0.0015866800000000022,0.0016348166666666723
0.44,0.0008075,0.0009506,0.001082,0.0012,0.001324,0.001423,0.001528,0.001582,0.001629,0.0015810933333333292,0.001628353333333329
0.444,0.0008055,0.0009485,0.001079,0.001197,0.00132,0.001419,0.001524,0.001578,0.001625,0.0015777133333333391,0.0016253099999999944
0.448,0.0008035,0.0009463,0.001076,0.001194,0.001317,0.001415,0.00152,0.001573,0.00162,0.0015726933333333288,0.0016199700000000016
0.452,0.0008016,0.0009442,0.001074,0.001191,0.001313,0.001411,0.001516,0.001569,0.001615,0.0015702099999999955,0.0016175266666666609
0.456,0.0007997,0.0009421,0.001071,0.001188,0.001309,0.001407,0.001511,0.001564,0.001611,0.0015658033333333366,0.0016150666666666592
0.46,0.0007981,0.00094,0.001068,0.001185,0.001306,0.001403,0.001508,0.00156,0.001607,0.001561943333333335,0.0016097933333333388
0.464,0.0007964,0.0009379,0.001065,0.001182,0.001303,0.0014,0.001505,0.001557,0.001604,0.0015568433333333262,0.0016036199999999987
0.468,0.000795,0.0009356,0.001063,0.001179,0.0013,0.001398,0.001502,0.001555,0.001601,0.0015553966666666571,0.0016029800000000056
0.472,0.0007935,0.0009334,0.001061,0.001178,0.001298,0.001395,0.001499,0.001552,0.001597,0.0015518433333333304,0.0015977700000000018
0.476,0.000792,0.0009317,0.00106,0.001176,0.001296,0.001393,0.001496,0.001548,0.001594,0.0015485399999999956,0.0015944999999999972
0.48,0.0007907,0.0009306,0.001058,0.001174,0.001294,0.001389,0.001492,0.001544,0.00159,0.0015447866666666607,0.0015919799999999933
0.484,0.0007894,0.0009297,0.001057,0.001172,0.001291,0.001386,0.001489,0.00154,0.001586,0.0015403733333333302,0.0015871033333333263
0.488,0.0007882,0.0009286,0.001055,0.001169,0.001288,0.001383,0.001485,0.001536,0.001582,0.0015391533333333298,0.0015877566666666616
0.492,0.0007871,0.0009271,0.001053,0.001167,0.001285,0.00138,0.001482,0.001533,0.001578,0.0015330700000000038,0.0015791500000000072
0.496,0.0007858,0.0009253,0.00105,0.001164,0.001282,0.001376,0.001478,0.001529,0.001574,0.0015288466666666706,0.0015744933333333383
0.5,0.000784,0.0009234,0.001048,0.001161,0.001279,0.001373,0.001475,0.001526,0.001571,0.001528380000000008,0.0015755999999999956
0.504,0.0007827,0.0009217,0.001046,0.001159,0.001276,0.00137,0.001471,0.001523,0.001567,0.0015221266666666656,0.0015670866666666636
0.508,0.0007821,0.0009198,0.001044,0.001157,0.001273,0.001367,0.001468,0.001519,0.001563,0.001519443333333332,0.001564476666666663
0.512,0.0007822,0.000918,0.001041,0.001154,0.00127,0.001364,0.001465,0.001516,0.00156,0.0015169966666666714,0.0015629866666666693
0.516,0.0007824,0.0009162,0.001039,0.001152,0.001268,0.001361,0.001462,0.001512,0.001556,0.0015130266666666726,0.0015581333333333344
0.52,0.0007821,0.0009146,0.001037,0.001149,0.001265,0.001358,0.001458,0.001509,0.001553,0.0015091966666666643,0.0015545800000000057
0.524,0.0007809,0.0009131,0.001035,0.001147,0.001262,0.001355,0.001456,0.001506,0.00155,0.0015070233333333342,0.0015523833333333332
0.528,0.0007796,0.0009117,0.001033,0.001145,0.00126,0.001352,0.001453,0.001503,0.001547,0.0015043099999999942,0.0015500000000000043
0.532,0.0007782,0.0009103,0.001031,0.001143,0.001257,0.00135,0.00145,0.0015,0.001544,0.0015019066666666667,0.0015476999999999965
0.536,0.000777,0.0009089,0.001029,0.001141,0.001255,0.001347,0.001447,0.001497,0.001541,0.00149751333333334,0.0015420766666666686
0.54,0.0007755,0.0009075,0.001027,0.001139,0.001252,0.001345,0.001444,0.001494,0.001537,0.001493339999999999,0.0015369266666666699
0.544,0.0007742,0.0009061,0.001026,0.001136,0.00125,0.001342,0.001441,0.001491,0.001534,0.0014909033333333369,0.0015346399999999968
0.548,0.0007729,0.0009047,0.001024,0.001134,0.001247,0.001339,0.001438,0.001488,0.001531,0.0014877266666666635,0.001531296666666669
0.552,0.0007717,0.0009035,0.001022,0.001132,0.001245,0.001337,0.001436,0.001485,0.001529,0.0014890700000000025,0.0015350633333333372
0.556,0.0007706,0.0009021,0.00102,0.00113,0.001243,0.001334,0.001433,0.001483,0.001526,0.0014904300000000044,0.0015400366666666748
0.56,0.0007694,0.0009009,0.001018,0.001128,0.00124,0.001332,0.00143,0.00148,0.001523,0.0014827199999999975,0.0015280700000000007
0.564,0.0007683,0.0008996,0.001017,0.001126,0.001238,0.00133,0.001427,0.001477,0.00152,0.001481973333333334,0.0015286900000000027
0.568,0.0007675,0.0008985,0.001015,0.001124,0.001236,0.001327,0.001425,0.001474,0.001517,0.0014862266666666602,0.0015379966666666629
0.572,0.0007666,0.0008974,0.001014,0.001122,0.001234,0.001325,0.001422,0.001472,0.001515,0.0014719333333333253,0.001516143333333329
0.576,0.0007659,0.0008962,0.001012,0.001121,0.001232,0.001323,0.00142,0.001469,0.001512,0.001470096666666664,0.0015141766666666705
0.58,0.0007653,0.0008951,0.00101,0.001119,0.00123,0.00132,0.001418,0.001467,0.001509,0.0014679599999999993,0.001512403333333329
0.584,0.0007644,0.000894,0.001009,0.001117,0.001228,0.001318,0.001415,0.001464,0.001507,0.001464490000000005,0.0015077399999999953
0.588,0.0007638,0.0008929,0.001007,0.001115,0.001225,0.001316,0.001413,0.001462,0.001504,0.0014626133333333373,0.0015058966666666668
0.592,0.000763,0.0008918,0.001006,0.001113,0.001223,0.001314,0.00141,0.001459,0.001501,0.0014600766666666612,0.0015040899999999914
0.596,0.0007623,0.0008907,0.001004,0.001111,0.001221,0.001311,0.001408,0.001457,0.001499,0.0014569233333333277,0.0014995733333333246
0.6,0.0007616,0.0008895,0.001002,0.001109,0.001219,0.001309,0.001406,0.001454,0.001496,0.0014543366666666714,0.0014968766666666638
0.604,0.0007609,0.0008884,0.001001,0.001108,0.001217,0.001307,0.001403,0.001452,0.001494,0.001453223333333338,0.0014966233333333306
0.608,0.0007603,0.0008873,0.0009995,0.001106,0.001215,0.001305,0.001401,0.00145,0.001492,0.0014509433333333357,0.0014942399999999972
0.612,0.0007597,0.0008863,0.0009979,0.001104,0.001213,0.001303,0.001398,0.001447,0.001489,0.0014475433333333264,0.0014901833333333355
0.616,0.0007591,0.0008852,0.0009963,0.001102,0.001211,0.0013,0.001396,0.001445,0.001486,0.0014465599999999932,0.0014898966666666601
0.62,0.0007585,0.0008842,0.0009946,0.0011,0.001209,0.001298,0.001393,0.001442,0.001484,0.0014449866666666658,0.0014903899999999981
0.624,0.0007578,0.0008832,0.0009931,0.001098,0.001206,0.001295,0.00139,0.001439,0.001481,0.001442153333333338,0.001488090000000003
0.628,0.0007571,0.0008824,0.0009916,0.001096,0.001204,0.001293,0.001387,0.001436,0.001478,0.0014397299999999982,0.001485283333333328
0.632,0.0007564,0.0008819,0.0009902,0.001094,0.001202,0.00129,0.001385,0.001434,0.001476,0.0014374233333333294,0.0014823766666666619
0.636,0.0007557,0.0008815,0.0009886,0.001092,0.0012,0.001288,0.001382,0.001431,0.001473,0.001436080000000001,0.0014839733333333362
0.64,0.0007551,0.0008813,0.000987,0.00109,0.001198,0.001285,0.00138,0.001428,0.00147,0.0014320099999999985,0.0014789433333333409
0.644,0.0007546,0.000881,0.0009853,0.001088,0.001196,0.001283,0.001377,0.001425,0.001467,0.0014282666666666703,0.0014734600000000007
0.648,0.0007541,0.0008807,0.0009838,0.001087,0.001193,0.001281,0.001374,0.001423,0.001464,0.0014271733333333346,0.0014721533333333385
0.652,0.0007535,0.0008802,0.0009823,0.001085,0.001191,0.001278,0.001372,0.00142,0.001462,0.0014252833333333287,0.0014720133333333363
0.656,0.0007529,0.0008794,0.0009809,0.001083,0.001189,0.001276,0.001369,0.001417,0.001459,0.0014204499999999995,0.0014667833333333288
0.66,0.0007522,0.0008785,0.0009795,0.001081,0.001187,0.001274,0.001366,0.001415,0.001456,0.001416586666666667,0.0014598500000000056
0.664,0.0007517,0.0008775,0.0009781,0.001079,0.001185,0.001271,0.001364,0.001412,0.001454,0.0014131300000000068,0.0014562533333333366
0.668,0.0007512,0.0008766,0.0009766,0.001078,0.001183,0.001269,0.001362,0.00141,0.001451,0.0014103233333333381,0.0014522999999999947
0.672,0.0007508,0.0008756,0.0009751,0.001076,0.001181,0.001267,0.001359,0.001407,0.001449,0.001408359999999996,0.0014513566666666624
0.676,0.0007503,0.0008747,0.0009737,0.001074,0.001179,0.001265,0.001357,0.001405,0.001446,0.0014065033333333279,0.0014494500000000016
0.68,0.0007498,0.0008736,0.0009723,0.001073,0.001177,0.001263,0.001355,0.001403,0.001444,0.0014067366666666616,0.0014518600000000025
0.684,0.0007492,0.0008724,0.0009709,0.001071,0.001176,0.001261,0.001352,0.0014,0.001441,0.0014035433333333392,0.0014476200000000077
0.688,0.0007488,0.0008713,0.0009694,0.001069,0.001174,0.001259,0.00135,0.001398,0.001439,0.0014036966666666722,0.0014487766666666734
0.692,0.0007482,0.0008701,0.000968,0.001067,0.001171,0.001257,0.001348,0.001396,0.001437,0.0013978000000000029,0.001440746666666671
0.696,0.0007477,0.0008691,0.0009666,0.001066,0.001169,0.001255,0.001345,0.001393,0.001434,0.0013948899999999946,0.0014380299999999949
0.7,0.0007472,0.0008681,0.0009653,0.001064,0.001167,0.001253,0.001343,0.001391,0.001432,0.0013926166666666591,0.00143537666666666
0.704,0.0007468,0.0008671,0.000964,0.001062,0.001166,0.001251,0.001341,0.001389,0.00143,0.0013899566666666621,0.0014323666666666605
0.708,0.0007465,0.0008662,0.0009627,0.001061,0.001164,0.001249,0.001339,0.001387,0.001428,0.001390486666666674,0.0014342633333333315
0.712,0.0007462,0.0008652,0.0009612,0.001059,0.001162,0.001247,0.001337,0.001385,0.001425,0.0013869233333333405,0.001429786666666672
0.716,0.0007458,0.0008642,0.0009598,0.001058,0.001161,0.001245,0.001335,0.001383,0.001423,0.0013855533333333374,0.001429006666666671
0.72,0.0007454,0.0008631,0.0009585,0.001056,0.001159,0.001243,0.001333,0.00138,0.001421,0.0013807666666666625,0.0014232866666666706
0.724,0.000745,0.000862,0.0009574,0.001055,0.001157,0.001241,0.001331,0.001378,0.001419,0.0013780166666666615,0.0014194700000000025
0.728,0.0007448,0.0008611,0.0009563,0.001053,0.001155,0.001239,0.001329,0.001376,0.001417,0.001377179999999996,0.0014191333333333342
0.732,0.0007446,0.0008604,0.0009553,0.001052,0.001154,0.001238,0.001327,0.001375,0.001415,0.001374270000000003,0.0014145066666666662
0.736,0.0007445,0.0008597,0.0009541,0.001051,0.001152,0.001236,0.001325,0.001373,0.001413,0.0013732966666666737,0.001414223333333331
0.74,0.0007445,0.0008589,0.0009531,0.00105,0.001151,0.001234,0.001324,0.001371,0.001411,0.0013725966666666722,0.0014147266666666633
0.744,0.0007444,0.0008581,0.0009521,0.001048,0.00115,0.001233,0.001322,0.001369,0.001409,0.0013715466666666693,0.0014140866666666643
0.748,0.0007444,0.0008574,0.0009514,0.001047,0.001148,0.001232,0.001321,0.001368,0.001408,0.001374536666666664,0.0014202066666666702
0.752,0.0007445,0.0008569,0.0009505,0.001046,0.001147,0.00123,0.001319,0.001366,0.001406,0.0013658199999999968,0.001405776666666669
0.756,0.0007446,0.0008565,0.0009497,0.001045,0.001146,0.001229,0.001318,0.001365,0.001405,0.0013646666666666694,0.0014048999999999945
0.76,0.0007446,0.0008561,0.0009489,0.001044,0.001145,0.001228,0.001317,0.001363,0.001403,0.0013632600000000007,0.0014032366666666615
0.764,0.0007448,0.0008557,0.0009482,0.001043,0.001143,0.001227,0.001315,0.001362,0.001402,0.0013617366666666612,0.001401683333333334
0.768,0.0007451,0.0008554,0.0009477,0.001043,0.001143,0.001226,0.001314,0.001361,0.001401,0.0013612666666666662,0.001401573333333332
0.772,0.0007456,0.0008554,0.0009476,0.001042,0.001142,0.001225,0.001314,0.00136,0.0014,0.0013607133333333372,0.0014015666666666712
0.776,0.0007462,0.0008554,0.0009476,0.001042,0.001141,0.001224,0.001313,0.001359,0.001399,0.0013587666666666693,0.001398713333333334
0.78,0.0007469,0.0008555,0.0009475,0.001042,0.001141,0.001224,0.001312,0.001358,0.001398,0.0013578800000000084,0.0013978266666666718
0.784,0.0007475,0.0008555,0.0009473,0.001041,0.00114,0.001224,0.001311,0.001358,0.001398,0.0013576266666666728,0.0013975433333333373
0.788,0.0007481,0.0008555,0.0009471,0.001041,0.00114,0.001223,0.001311,0.001357,0.001397,0.0013570933333333338,0.0013970299999999979
0.792,0.0007488,0.0008556,0.0009471,0.001041,0.001139,0.001222,0.00131,0.001356,0.001396,0.0013562266666666731,0.0013962800000000023
0.796,0.0007495,0.0008559,0.0009472,0.00104,0.001139,0.001222,0.00131,0.001356,0.001395,0.0013566000000000068,0.0013967833333333303
0.8,0.0007503,0.0008564,0.0009474,0.00104,0.001139,0.001222,0.001309,0.001356,0.001395,0.0013561033333333366,0.0013959666666666615
0.804,0.0007512,0.0008569,0.0009476,0.00104,0.001139,0.001222,0.001309,0.001355,0.001395,0.001355396666666665,0.001395363333333329
0.808,0.000752,0.0008574,0.0009478,0.001041,0.001139,0.001222,0.001309,0.001355,0.001394,0.0013550299999999964,0.0013942200000000033
0.812,0.0007531,0.0008579,0.0009483,0.001041,0.001139,0.001222,0.001309,0.001355,0.001394,0.0013549966666666629,0.0013940266666666718
0.816,0.0007543,0.0008584,0.0009487,0.001041,0.001139,0.001222,0.001308,0.001355,0.001394,0.001354929999999997,0.0013939333333333375
0.82,0.0007554,0.000859,0.0009492,0.001041,0.001139,0.001222,0.001308,0.001355,0.001394,0.0013548566666666643,0.0013938566666666702
0.824,0.0007567,0.0008596,0.0009496,0.001042,0.001139,0.001222,0.001308,0.001354,0.001393,0.00135422666666667,0.0013932266666666629
0.828,0.000758,0.0008604,0.0009503,0.001042,0.001139,0.001222,0.001309,0.001354,0.001393,0.0013542800000000026,0.0013932833333333303
0.832,0.0007593,0.0008614,0.000951,0.001043,0.00114,0.001222,0.001309,0.001355,0.001394,0.0013547799999999977,0.0013937800000000029
0.836,0.0007609,0.0008626,0.0009521,0.001044,0.00114,0.001223,0.001309,0.001355,0.001394,0.001355066666666664,0.0013940800000000037
0.84,0.0007625,0.0008638,0.0009531,0.001045,0.001141,0.001224,0.00131,0.001356,0.001395,0.0013560000000000059,0.0013950399999999952
0.844,0.0007643,0.000865,0.0009542,0.001046,0.001142,0.001225,0.00131,0.001356,0.001395,0.0013560633333333397,0.0013952099999999946
0.848,0.0007661,0.0008662,0.0009554,0.001047,0.001143,0.001226,0.001311,0.001357,0.001396,0.0013572633333333328,0.0013964000000000027
0.852,0.000768,0.0008675,0.0009568,0.001048,0.001144,0.001227,0.001312,0.001358,0.001397,0.0013579766666666716,0.0013970566666666646
0.856,0.00077,0.0008691,0.0009582,0.001049,0.001145,0.001228,0.001313,0.001359,0.001398,0.0013590233333333342,0.0013979300000000045
0.86,0.0007721,0.0008707,0.0009598,0.001051,0.001146,0.001229,0.001315,0.00136,0.001398,0.0013602900000000047,0.001398563333333338
0.864,0.0007742,0.0008723,0.0009615,0.001052,0.001147,0.00123,0.001316,0.001361,0.001399,0.001361443333333333,0.0013999066666666657
0.868,0.0007765,0.0008741,0.0009633,0.001054,0.001149,0.001232,0.001317,0.001362,0.0014,0.001362309999999994,0.0014008766666666712
0.872,0.0007789,0.0008759,0.0009653,0.001056,0.001151,0.001233,0.001319,0.001364,0.001402,0.0013642333333333287,0.0014026133333333343
0.876,0.0007815,0.0008777,0.0009676,0.001058,0.001152,0.001235,0.001321,0.001365,0.001403,0.0013656833333333365,0.0014037999999999935
0.88,0.0007842,0.0008794,0.0009699,0.00106,0.001154,0.001237,0.001323,0.001367,0.001405,0.0013673400000000038,0.001405576666666661
0.884,0.000787,0.0008812,0.0009723,0.001062,0.001156,0.001239,0.001324,0.001369,0.001407,0.0013698000000000037,0.0014085166666666638
0.888,0.0007897,0.0008831,0.0009748,0.001064,0.001158,0.001242,0.001326,0.00137,0.001408,0.001371716666666664,0.0014107000000000052
0.892,0.0007924,0.000885,0.0009772,0.001066,0.00116,0.001244,0.001328,0.001372,0.00141,0.0013740699999999987,0.00141294333333334
0.896,0.0007953,0.0008872,0.0009797,0.001069,0.001163,0.001246,0.00133,0.001375,0.001412,0.0013774033333333352,0.001416210000000007
0.9,0.0007984,0.0008896,0.0009825,0.001071,0.001165,0.001248,0.001332,0.001377,0.001414,0.0013790100000000039,0.0014175100000000057
0.904,0.0008016,0.0008922,0.0009852,0.001074,0.001168,0.001251,0.001335,0.001379,0.001416,0.001382343333333337,0.0014217433333333258
0.908,0.0008051,0.0008951,0.0009882,0.001077,0.00117,0.001253,0.001338,0.001382,0.001418,0.0013880466666666637,0.001428356666666662
0.912,0.0008085,0.0008981,0.0009911,0.001079,0.001173,0.001256,0.00134,0.001384,0.001421,0.0013861933333333327,0.001425096666666669
0.916,0.000812,0.0009012,0.0009942,0.001082,0.001176,0.001259,0.001343,0.001387,0.001423,0.0013876666666666722,0.001424453333333336
0.92,0.0008155,0.0009043,0.0009974,0.001085,0.001179,0.001262,0.001346,0.001389,0.001426,0.001390276666666662,0.001428186666666664
0.924,0.0008191,0.0009076,0.001001,0.001089,0.001182,0.001265,0.001349,0.001392,0.001428,0.0013930033333333337,0.001429743333333331
0.928,0.0008228,0.0009108,0.001004,0.001092,0.001185,0.001268,0.001351,0.001395,0.001431,0.0013958566666666622,0.0014329900000000014
0.932,0.0008267,0.0009142,0.001007,0.001096,0.001188,0.001271,0.001354,0.001397,0.001434,0.0013972433333333304,0.001434406666666664
0.936,0.0008305,0.0009177,0.001011,0.001099,0.001191,0.001275,0.001357,0.0014,0.001437,0.0014002200000000039,0.0014374633333333363
0.94,0.0008345,0.0009214,0.001014,0.001102,0.001194,0.001278,0.001361,0.001404,0.00144,0.001405510000000001,0.0014429033333333346
0.944,0.0008386,0.0009251,0.001018,0.001106,0.001198,0.001282,0.001364,0.001407,0.001443,0.0014079666666666649,0.0014454733333333402
0.948,0.0008428,0.0009291,0.001022,0.001109,0.001201,0.001285,0.001368,0.00141,0.001446,0.001412463333333338,0.0014506666666666678
0.952,0.0008471,0.0009329,0.001026,0.001113,0.001205,0.001289,0.001371,0.001414,0.001449,0.0014156766666666737,0.0014521866666666618
0.956,0.0008516,0.0009368,0.00103,0.001117,0.001209,0.001293,0.001375,0.001417,0.001453,0.0014189200000000021,0.001456233333333332
0.96,0.0008561,0.0009408,0.001034,0.001121,0.001212,0.001296,0.001379,0.001421,0.001456,0.0014235900000000024,0.0014607133333333375
0.964,0.0008608,0.0009448,0.001038,0.001125,0.001216,0.0013,0.001382,0.001424,0.001459,0.0014251499999999957,0.0014619133333333282
0.968,0.0008653,0.0009491,0.001042,0.001129,0.00122,0.001304,0.001386,0.001428,0.001463,0.00142912333333333,0.0014651366666666634
0.972,0.0008699,0.0009537,0.001046,0.001133,0.001224,0.001308,0.00139,0.001432,0.001466,0.0014326666666666628,0.001467893333333339
0.976,0.0008746,0.0009582,0.00105,0.001137,0.001228,0.001312,0.001394,0.001435,0.00147,0.0014367833333333382,0.0014732133333333385
0.98,0.0008795,0.0009627,0.001055,0.001142,0.001232,0.001316,0.001398,0.001439,0.001474,0.0014401000000000058,0.0014762299999999946
0.984,0.0008846,0.0009672,0.00106,0.001146,0.001236,0.001321,0.001402,0.001443,0.001478,0.0014441333333333405,0.0014800866666666618
0.988,0.0008898,0.0009714,0.001064,0.00115,0.00124,0.001325,0.001406,0.001447,0.001481,0.001448769999999994,0.0014843933333333376
0.992,0.0008948,0.000976,0.001068,0.001155,0.001244,0.001329,0.00141,0.001451,0.001485,0.0014535433333333289,0.001491100000000002
0.996,0.0008998,0.0009807,0.001073,0.001159,0.001248,0.001333,0.001414,0.001454,0.001489,0.0014555600000000042,0.0014920066666666688
1.0,0.0009048,0.0009855,0.001077,0.001163,0.001253,0.001337,0.001418,0.001458,0.001492,0.001460263333333337,0.0014966399999999968
1.004,0.0009097,0.0009904,0.001082,0.001168,0.001257,0.001341,0.001422,0.001462,0.001496,0.0014632300000000046,0.0014997333333333313
1.008,0.0009146,0.0009954,0.001087,0.001172,0.001261,0.001346,0.001426,0.001466,0.0015,0.0014687400000000066,0.0015048333333333344
1.012,0.0009198,0.001,0.001091,0.001177,0.001265,0.00135,0.00143,0.00147,0.001504,0.0014714966666666736,0.0015061566666666685
1.016,0.000925,0.001005,0.001096,0.001181,0.00127,0.001354,0.001434,0.001474,0.001507,0.001477576666666661,0.0015140999999999948
1.02,0.0009303,0.00101,0.0011,0.001186,0.001274,0.001358,0.001438,0.001478,0.001511,0.0014790866666666608,0.001514053333333329
1.024,0.0009356,0.001015,0.001105,0.00119,0.001278,0.001363,0.001442,0.001482,0.001515,0.0014829233333333305,0.0015186266666666608
1.028,0.0009409,0.00102,0.00111,0.001195,0.001282,0.001367,0.001446,0.001485,0.001519,0.0014877333333333355,0.001522869999999998
1.032,0.0009462,0.001025,0.001114,0.001199,0.001286,0.001371,0.00145,0.001489,0.001522,0.0014911066666666714,0.0015259633333333392
1.036,0.0009516,0.00103,0.001119,0.001204,0.001291,0.001375,0.001454,0.001493,0.001526,0.001494410000000006,0.0015293566666666754
1.04,0.0009569,0.001035,0.001124,0.001209,0.001295,0.00138,0.001459,0.001497,0.00153,0.001498990000000007,0.0015329066666666604
1.044,0.0009624,0.001041,0.001129,0.001214,0.001299,0.001384,0.001463,0.001501,0.001534,0.0015039033333333293,0.0015386066666666603
1.048,0.0009679,0.001046,0.001134,0.001218,0.001304,0.001388,0.001468,0.001506,0.001538,0.001508213333333337,0.001542833333333329
1.052,0.0009737,0.001051,0.001139,0.001223,0.001308,0.001393,0.001472,0.00151,0.001542,0.0015112000000000055,0.0015449799999999946
1.056,0.0009797,0.001057,0.001144,0.001228,0.001313,0.001397,0.001476,0.001514,0.001546,0.00151733666666667,0.0015521299999999964
1.06,0.0009859,0.001062,0.001149,0.001233,0.001318,0.001402,0.001481,0.001518,0.00155,0.0015203500000000056,0.0015546933333333301
1.064,0.000992,0.001068,0.001155,0.001238,0.001322,0.001407,0.001485,0.001522,0.001554,0.0015251600000000074,0.001559413333333333
1.068,0.0009984,0.001074,0.00116,0.001243,0.001327,0.001412,0.00149,0.001526,0.001558,0.0015280933333333422,0.0015615133333333356
1.072,0.001005,0.00108,0.001166,0.001249,0.001332,0.001417,0.001494,0.001531,0.001562,0.0015337966666666705,0.001567410000000003
1.076,0.001012,0.001086,0.001172,0.001254,0.001337,0.001422,0.001499,0.001535,0.001567,0.0015371033333333377,0.0015704799999999982
1.08,0.001019,0.001093,0.001178,0.00126,0.001343,0.001427,0.001504,0.00154,0.001571,0.0015431366666666657,0.0015765866666666631
1.084,0.001025,0.0011,0.001184,0.001266,0.001349,0.001432,0.00151,0.001545,0.001576,0.0015522966666666688,0.0015873133333333376
1.088,0.001032,0.001107,0.001191,0.001273,0.001354,0.001438,0.001515,0.00155,0.001581,0.0015562833333333317,0.0015914966666666672
1.092,0.001039,0.001114,0.001198,0.001279,0.00136,0.001444,0.001521,0.001556,0.001587,0.0015587066666666672,0.0015925566666666697
1.096,0.001047,0.001122,0.001205,0.001286,0.001366,0.00145,0.001526,0.001561,0.001592,0.001567403333333329,0.0016031399999999962
1.1,0.001055,0.00113,0.001213,0.001293,0.001373,0.001456,0.001533,0.001568,0.001598,0.0015742633333333377,0.0016089766666666607
1.104,0.001065,0.001139,0.001221,0.0013,0.001379,0.001463,0.001539,0.001574,0.001605,0.0015792100000000045,0.0016143433333333367
1.108,0.001075,0.001148,0.001229,0.001308,0.001386,0.00147,0.001547,0.001581,0.001611,0.0015910733333333322,0.0016263433333333264
1.112,0.001086,0.001158,0.001238,0.001316,0.001394,0.001478,0.001554,0.001588,0.001618,0.001592526666666661,0.0016263500000000023
1.116,0.001097,0.001169,0.001247,0.001325,0.001402,0.001486,0.001562,0.001595,0.001626,0.0016012000000000064,0.0016362066666666705
1.12,0.001109,0.001179,0.001257,0.001334,0.00141,0.001495,0.00157,0.001603,0.001634,0.0016158200000000033,0.0016544533333333405
1.124,0.001121,0.001191,0.001267,0.001343,0.001419,0.001504,0.001578,0.001612,0.001643,0.0016218200000000004,0.0016596100000000028
1.128,0.001134,0.001202,0.001278,0.001353,0.001428,0.001513,0.001588,0.001621,0.001652,0.0016298799999999965,0.001667516666666662
1.132,0.001147,0.001214,0.001289,0.001364,0.001438,0.001523,0.001597,0.00163,0.001661,0.001637050000000004,0.0016750566666666722
1.136,0.001161,0.001227,0.0013,0.001374,0.001448,0.001534,0.001608,0.001641,0.001672,0.0016546200000000012,0.0016959833333333363
1.14,0.001175,0.00124,0.001311,0.001385,0.001459,0.001545,0.001619,0.001652,0.001683,0.0016626533333333276,0.001703379999999996
1.144,0.00119,0.001252,0.001323,0.001397,0.001471,0.001557,0.00163,0.001663,0.001695,0.0016712100000000078,0.0017094266666666687
1.148,0.001205,0.001265,0.001335,0.001409,0.001483,0.00157,0.001643,0.001676,0.001707,0.0016844100000000058,0.0017229700000000025
1.152,0.001218,0.001278,0.001348,0.001421,0.001495,0.001582,0.001655,0.001688,0.00172,0.0016950966666666744,0.0017318500000000014
1.156,0.001232,0.001292,0.001361,0.001434,0.001508,0.001596,0.001669,0.001702,0.001733,0.0017091866666666645,0.001746779999999999
1.16,0.001245,0.001305,0.001374,0.001447,0.001521,0.00161,0.001683,0.001716,0.001748,0.0017226233333333327,0.0017584500000000077
1.164,0.001259,0.001318,0.001387,0.00146,0.001535,0.001625,0.001697,0.00173,0.001763,0.0017372900000000066,0.0017730700000000003
1.168,0.001272,0.001331,0.0014,0.001474,0.001549,0.00164,0.001713,0.001746,0.001778,0.0017534233333333414,0.0017894033333333318
1.172,0.001284,0.001344,0.001413,0.001488,0.001564,0.001656,0.001728,0.001761,0.001794,0.0017684433333333396,0.0018065400000000027
1.176,0.001296,0.001357,0.001427,0.001502,0.001579,0.001672,0.001744,0.001777,0.001811,0.001780879999999993,0.0018170466666666703
1.18,0.001308,0.00137,0.00144,0.001516,0.001594,0.001688,0.00176,0.001794,0.001827,0.0018038233333333368,0.0018423500000000063
1.184,0.00132,0.001383,0.001453,0.00153,0.00161,0.001705,0.001777,0.001811,0.001844,0.0018186933333333374,0.0018560200000000008
1.188,0.001332,0.001396,0.001466,0.001545,0.001625,0.001722,0.001794,0.001828,0.001862,0.001832243333333335,0.001868563333333327
1.192,0.001343,0.001408,0.001479,0.001559,0.001641,0.001739,0.001812,0.001846,0.00188,0.0018551500000000029,0.0018927799999999973
1.196,0.001353,0.00142,0.001492,0.001573,0.001658,0.001756,0.001829,0.001863,0.001898,0.0018695033333333314,0.0019079600000000009
1.2,0.001364,0.001431,0.001506,0.001588,0.001674,0.001774,0.001847,0.001882,0.001917,0.0018921833333333344,0.0019323233333333315
1.204,0.001374,0.001443,0.001519,0.001603,0.00169,0.001791,0.001865,0.0019,0.001935,0.001912950000000004,0.0019530600000000075
1.208,0.001384,0.001455,0.001532,0.001617,0.001707,0.001809,0.001884,0.001919,0.001954,0.0019291266666666706,0.0019701600000000064
1.212,0.001393,0.001466,0.001545,0.001632,0.001724,0.001828,0.001902,0.001937,0.001973,0.0019507066666666685,0.0019932566666666664
1.216,0.001403,0.001478,0.001558,0.001647,0.001741,0.001846,0.001921,0.001956,0.001992,0.001967289999999999,0.002007963333333329
1.22,0.001413,0.00149,0.001571,0.001662,0.001758,0.001865,0.00194,0.001975,0.002011,0.001988579999999995,0.0020320699999999982
1.224,0.001422,0.001501,0.001584,0.001677,0.001775,0.001883,0.001958,0.001994,0.00203,0.002006220000000003,0.0020484266666666597
1.228,0.001432,0.001513,0.001598,0.001692,0.001792,0.001901,0.001977,0.002013,0.002049,0.002025799999999998,0.0020678200000000028
1.232,0.001441,0.001524,0.001611,0.001707,0.001808,0.001919,0.001996,0.002032,0.002068,0.0020400266666666654,0.002080526666666663
1.236,0.001451,0.001536,0.001624,0.001722,0.001825,0.001937,0.002015,0.002051,0.002087,0.0020638600000000094,0.002104706666666662
1.24,0.001461,0.001547,0.001638,0.001737,0.001842,0.001956,0.002033,0.00207,0.002106,0.002083093333333338,0.0021263633333333375
1.244,0.00147,0.001559,0.001651,0.001752,0.001859,0.001975,0.002052,0.002089,0.002125,0.0020998033333333387,0.0021406433333333343
1.248,0.00148,0.001571,0.001664,0.001768,0.001876,0.001993,0.002071,0.002108,0.002144,0.0021228433333333315,0.0021646333333333358
1.252,0.00149,0.001582,0.001678,0.001783,0.001893,0.002012,0.00209,0.002127,0.002163,0.0021364566666666625,0.0021766266666666764
1.256,0.0015,0.001594,0.001691,0.001798,0.00191,0.00203,0.002109,0.002146,0.002181,0.0021608533333333253,0.002201063333333328
1.26,0.00151,0.001606,0.001705,0.001814,0.001927,0.002049,0.002128,0.002165,0.002199,0.0021753499999999895,0.002216286666666663
1.264,0.00152,0.001619,0.001719,0.001829,0.001944,0.002067,0.002146,0.002183,0.002219,0.0021951733333333357,0.002238400000000004
1.268,0.001531,0.001631,0.001733,0.001844,0.001961,0.002085,0.002164,0.002201,0.00224,0.0022170433333333376,0.002260723333333339
1.272,0.001542,0.001643,0.001747,0.00186,0.001978,0.002102,0.002183,0.00222,0.002262,0.0022306933333333355,0.0022769466666666596
1.276,0.001553,0.001656,0.001761,0.001876,0.001994,0.00212,0.002203,0.002241,0.002284,0.0022565533333333393,0.0023037633333333283
1.28,0.001564,0.001668,0.001775,0.001891,0.002011,0.002141,0.002225,0.002264,0.002305,0.002277320000000005,0.0023228700000000008
1.284,0.001576,0.001681,0.001789,0.001907,0.002028,0.002162,0.002248,0.002286,0.002324,0.002302550000000004,0.0023476133333333303
1.288,0.001588,0.001695,0.001804,0.001922,0.002046,0.002184,0.002269,0.002306,0.002343,0.0023205433333333314,0.002365526666666663
1.292,0.0016,0.001708,0.001818,0.001938,0.002065,0.002205,0.002289,0.002325,0.002362,0.002342283333333342,0.00238718999999999
1.296,0.001612,0.001721,0.001833,0.001955,0.002084,0.002225,0.002308,0.002344,0.002381,0.002361316666666672,0.0024065266666666646
1.3,0.001624,0.001735,0.001847,0.001972,0.002102,0.002243,0.002327,0.002362,0.002399,0.0023726533333333242,0.002416730000000005
1.304,0.001637,0.001748,0.001862,0.00199,0.002119,0.002262,0.002346,0.002381,0.002418,0.00239655333333333,0.0024404266666666692
1.308,0.00165,0.001762,0.001878,0.002007,0.002136,0.002281,0.002364,0.0024,0.002437,0.0024094166666666626,0.0024516433333333417
1.312,0.001663,0.001777,0.001895,0.002024,0.002154,0.002299,0.002383,0.002419,0.002455,0.0024316599999999917,0.002476176666666663
1.316,0.001677,0.001791,0.001911,0.00204,0.00217,0.002318,0.002402,0.002438,0.002474,0.0024451400000000093,0.0024860133333333236
1.32,0.00169,0.001806,0.001927,0.002057,0.002187,0.002337,0.002421,0.002456,0.002492,0.0024711033333333424,0.0025157600000000084
1.324,0.001704,0.001822,0.001943,0.002073,0.002204,0.002355,0.00244,0.002475,0.002511,0.0024814366666666703,0.0025231566666666714
1.328,0.001718,0.001838,0.001959,0.00209,0.002221,0.002374,0.002459,0.002494,0.002529,0.00250528333333333,0.002549410000000001
1.332,0.001733,0.001854,0.001975,0.002106,0.002238,0.002392,0.002477,0.002512,0.002547,0.002522573333333325,0.0025645999999999954
1.336,0.001749,0.001869,0.00199,0.002123,0.002255,0.002411,0.002496,0.002531,0.002565,0.002541439999999992,0.002582046666666673
1.34,0.001766,0.001885,0.002007,0.002139,0.002272,0.00243,0.002514,0.002549,0.002584,0.0025551733333333444,0.0025959733333333363
1.344,0.001783,0.001901,0.002023,0.002156,0.002289,0.002448,0.002533,0.002567,0.002602,0.002579179999999993,0.002621839999999995
1.348,0.001801,0.001917,0.00204,0.002173,0.002306,0.002467,0.002552,0.002586,0.00262,0.0025983566666666585,0.002640499999999994
1.352,0.001817,0.001934,0.002056,0.00219,0.002324,0.002486,0.00257,0.002604,0.002638,0.0026104366666666787,0.0026503200000000016
1.356,0.001833,0.001951,0.002073,0.002207,0.002341,0.002505,0.002589,0.002622,0.002656,0.0026378366666666734,0.0026822133333333285
1.36,0.00185,0.001968,0.00209,0.002225,0.002359,0.002524,0.002607,0.002641,0.002674,0.0026440333333333367,0.0026832733333333253
1.364,0.001868,0.001985,0.002107,0.002243,0.002377,0.002543,0.002626,0.002659,0.002692,0.002671816666666663,0.0027122166666666745
1.368,0.001885,0.002003,0.002125,0.002261,0.002394,0.002562,0.002645,0.002677,0.00271,0.002683206666666676,0.0027211366666666623
1.372,0.001904,0.002021,0.002143,0.002278,0.002412,0.00258,0.002663,0.002696,0.002728,0.002708843333333338,0.002748143333333327
1.376,0.001922,0.002038,0.002161,0.002297,0.00243,0.002599,0.002682,0.002715,0.002747,0.0027252466666666747,0.0027665566666666814
1.38,0.001941,0.002057,0.002179,0.002315,0.002448,0.002618,0.002701,0.002734,0.002765,0.002749913333333338,0.002790130000000009
1.384,0.00196,0.002076,0.002198,0.002334,0.002466,0.002638,0.00272,0.002752,0.002784,0.002762539999999993,0.002800173333333339
1.388,0.00198,0.002095,0.002217,0.002352,0.002484,0.002657,0.002739,0.002771,0.002802,0.0027795933333333266,0.002816203333333331
1.392,0.002,0.002115,0.002236,0.002371,0.002502,0.002677,0.002758,0.00279,0.002821,0.002802339999999988,0.0028397033333333243
1.396,0.00202,0.002135,0.002256,0.002391,0.00252,0.002697,0.002778,0.00281,0.002841,0.0028166133333333235,0.0028516233333333247
1.4,0.00204,0.002155,0.002275,0.00241,0.002539,0.002716,0.002797,0.002829,0.00286,0.0028411466666666625,0.0028793633333333217
1.404,0.002062,0.002176,0.002294,0.002429,0.002558,0.002736,0.002817,0.002849,0.002879,0.0028603599999999937,0.0028972299999999963
1.408,0.002083,0.002196,0.002314,0.002448,0.002576,0.002756,0.002837,0.002868,0.002897,0.0028752066666666576,0.0029103300000000074
1.412,0.002105,0.002217,0.002335,0.002467,0.002596,0.002777,0.002857,0.002887,0.002916,0.0028996466666666543,0.002936723333333338
1.416,0.002127,0.002238,0.002355,0.002487,0.002614,0.002797,0.002876,0.002906,0.002935,0.002917209999999993,0.002952723333333343
1.42,0.002149,0.002259,0.002375,0.002507,0.002634,0.002817,0.002896,0.002926,0.002954,0.0029406933333333287,0.002978856666666674
1.424,0.002172,0.002281,0.002396,0.002527,0.002653,0.002837,0.002915,0.002946,0.002974,0.0029597833333333376,0.002997476666666673
1.428,0.002195,0.002303,0.002417,0.002548,0.002673,0.002858,0.002935,0.002966,0.002993,0.002978466666666678,0.003014846666666678
1.432,0.002218,0.002325,0.002438,0.002568,0.002693,0.002878,0.002955,0.002985,0.003013,0.002992446666666677,0.003028686666666679
1.436,0.002242,0.002347,0.002458,0.002588,0.002712,0.002898,0.002976,0.003005,0.003032,0.003024826666666674,0.003065743333333343
1.44,0.002265,0.002369,0.00248,0.002609,0.002732,0.002919,0.002995,0.003025,0.003051,0.0030410266666666785,0.0030771100000000144
1.444,0.002289,0.002391,0.002501,0.00263,0.002751,0.002939,0.003015,0.003045,0.003071,0.0030574733333333264,0.003094560000000011
1.448,0.002313,0.002414,0.002523,0.002651,0.002771,0.00296,0.003035,0.003064,0.00309,0.003075496666666656,0.003109746666666674
1.452,0.002337,0.002437,0.002545,0.002672,0.00279,0.002981,0.003056,0.003085,0.00311,0.0030912266666666697,0.003122546666666651
1.456,0.002362,0.00246,0.002567,0.002693,0.002811,0.003002,0.003076,0.003105,0.00313,0.003106743333333345,0.0031385099999999898
1.46,0.002387,0.002484,0.00259,0.002714,0.002831,0.003023,0.003097,0.003125,0.00315,0.0031342066666666724,0.0031632733333333283
1.464,0.002412,0.002508,0.002612,0.002735,0.002851,0.003044,0.003117,0.003145,0.00317,0.0031525933333333197,0.0031806066666666736
1.468,0.002437,0.002532,0.002634,0.002756,0.002871,0.003065,0.003138,0.003165,0.00319,0.0031705066666666538,0.0032000566666666812
1.472,0.002463,0.002556,0.002657,0.002778,0.002891,0.003086,0.003158,0.003186,0.003209,0.0031866200000000094,0.0032157600000000106
1.476,0.002488,0.00258,0.002679,0.002799,0.002911,0.003107,0.003179,0.003206,0.003229,0.0032168300000000073,0.003243613333333338
1.48,0.002514,0.002604,0.002701,0.002821,0.002932,0.003128,0.003199,0.003226,0.003249,0.003231829999999986,0.003258876666666649
1.484,0.002541,0.002629,0.002724,0.002842,0.002953,0.003149,0.003219,0.003246,0.003269,0.0032519499999999935,0.0032791566666666543
1.488,0.002568,0.002653,0.002747,0.002864,0.002974,0.00317,0.00324,0.003267,0.003289,0.0032708600000000087,0.003296759999999989
1.492,0.002594,0.002678,0.002771,0.002887,0.002994,0.003192,0.003261,0.003287,0.003308,0.0032928966666666737,0.003319036666666654
1.496,0.00262,0.002703,0.002794,0.002909,0.003015,0.003213,0.003281,0.003307,0.003328,0.0033166799999999846,0.0033454666666666646
1.5,0.002647,0.002728,0.002818,0.002932,0.003036,0.003235,0.003302,0.003327,0.003348,0.003335259999999992,0.0033675200000000062
