F0,F1,F2,F3,F4,F5,F6
-4.311065973609542e-06,6.255220855060328e-07,5.710469300518253e-07,-1.8559169510227418e-05,-4.3502940897104886e-07,-0.0001287081500264409,-0.00026702059302965
-3.918671078927377e-06,2.449377496496458e-07,4.4013630781612807e-07,-1.9221916874094454e-05,-2.0606765521089573e-06,-0.0001257339554649365,-0.0002806662930207393
5.569995511826335e-07,9.964757655466287e-07,1.0411823742971522e-06,-1.970521971874003e-05,-4.2632896784501035e-06,-0.00012232172944645216,-0.0002972275244474015
2.9193466234746474e-07,9.88177171004203e-07,-1.1911445155829876e-07,-1.9973200983001482e-05,-5.048504008988279e-06,-0.00012440483399347912,-0.000302214230663006
5.973006657607408e-08,5.982440786939933e-07,1.7285649756274066e-07,-2.004506480071691e-05,-5.699589897814185e-06,-0.00012471281085727935,-0.0003082264706870396
1.2482599662711522e-06,1.2101742876382608e-06,2.106250575723747e-06,-2.0130665828892647e-05,-6.362146520959924e-06,-0.0001250700275372346,-0.0003217116172092251
7.1925441049352e-07,1.3904784321917608e-06,2.2108831053191725e-06,-2.0629658756793925e-05,-7.697985443738442e-06,-0.0001255930558235891,-0.0003269463548572319
7.971490112472743e-07,1.7769497841550175e-06,2.74600747460638e-06,-2.0809606437473948e-05,-8.896039385441676e-06,-0.00012708045976733503,-0.0003347871062797737
-1.505438993743408e-07,1.3121324770606654e-06,2.416045706785932e-06,-2.1065843830286095e-05,-8.792041395191148e-06,-0.00012949520037376102,-0.00033596432095191577
-1.5487550246362647e-06,1.1806122377672443e-06,2.255747595890458e-06,-2.131228170523452e-05,-9.013060625828549e-06,-0.00012964987395114788,-0.00033767882746015877
-2.9167929419355927e-06,5.86362443651781e-07,2.2490448926497875e-06,-2.1673472919282962e-05,-9.186437442011155e-06,-0.00013128692583991517,-0.0003392005504598361
-3.7583605024870435e-06,-1.867668589491111e-07,2.4812185184557644e-06,-2.1857586589130294e-05,-9.094891305176466e-06,-0.00013205162916222452,-0.00034074975636717094
-5.571532697008559e-06,-1.2878776985411786e-06,3.052727305308602e-06,-2.2421446291134844e-05,-1.0311861818885909e-05,-0.0001328886668197022,-0.00034173744758004556
-5.764296394901189e-06,-1.527256379575603e-06,4.11676127412914e-06,-2.2666796122882692e-05,-1.1273492878263622e-05,-0.00013369712477599764,-0.00034290923365585136
-5.246757672036806e-06,-1.2455691916903114e-06,4.598878982450769e-06,-2.2564181753635904e-05,-1.3349040364602432e-05,-0.0001349353793505289,-0.0003449290562499601
-6.113072904340641e-06,-1.7391531409013649e-06,4.586439764560139e-06,-2.2558175925143854e-05,-1.4694621043389131e-05,-0.0001356724526979476,-0.00034384473631950927
-5.904828206939528e-06,-1.75102821485407e-06,4.81532941681255e-06,-2.2463446336755873e-05,-1.6430190388153976e-05,-0.00013685753779698261,-0.00034315607073980107
-5.422049743998127e-06,-1.8790953621132454e-06,5.121821560007173e-06,-2.240159394630008e-05,-1.7222927288506965e-05,-0.00013728570718118282,-0.00034365488697124774
-5.564023015157157e-06,-1.8795179927934217e-06,5.2736780626642714e-06,-2.2498988028113674e-05,-1.879783008882268e-05,-0.00013803892541229288,-0.0003438668324588239
-5.511958506147135e-06,-1.9733015005975717e-06,5.717510577310161e-06,-2.2746760375134725e-05,-2.0154131216556135e-05,-0.00013852445468952331,-0.000343540676556025
-5.729326553559382e-06,-2.0605548429509958e-06,5.921504184819106e-06,-2.3011437062891945e-05,-2.0711740240304368e-05,-0.00013899162023379047,-0.0003442295975179965
-6.0611997451836265e-06,-1.87069539927422e-06,6.013668506877735e-06,-2.318263044251635e-05,-2.1032233956834847e-05,-0.00013963594767008673,-0.00034346073355965336
-6.497500729682165e-06,-1.8181338688326864e-06,5.770931321813179e-06,-2.3288478869532794e-05,-2.2127251282652486e-05,-0.00013995356909596526,-0.00034250576974181657
-6.8221642707884994e-06,-1.844408485869454e-06,5.140030811181461e-06,-2.348066367159595e-05,-2.2567313919436523e-05,-0.0001403624094958085,-0.0003416028432343543
-6.868314744569395e-06,-1.7848541100900517e-06,5.242898225241406e-06,-2.355762552931015e-05,-2.29576324772382e-05,-0.00014060675851155165,-0.0003413341517858219
-7.072017099966371e-06,-1.6546331174725793e-06,4.757615686022373e-06,-2.3619277006651905e-05,-2.3274624925331566e-05,-0.00014073615159927347,-0.0003400940175373324
-7.16523179031993e-06,-1.6639324249454312e-06,4.812663678427652e-06,-2.3723726733603427e-05,-2.3570209756472926e-05,-0.00014090537597274077,-0.00033979362593368636
-7.291481668548179e-06,-1.5533130679781031e-06,4.257932660231274e-06,-2.378346102039955e-05,-2.4288177792565794e-05,-0.00014111225457691078,-0.0003378590168004992
-7.170725878920049e-06,-1.4375443915369924e-06,3.889022981640314e-06,-2.3682642038435886e-05,-2.4219533059719412e-05,-0.00014117578570799438,-0.00033705923083837284
-7.152205617496307e-06,-1.455614617797605e-06,3.69089037530781e-06,-2.3666482964090524e-05,-2.4117520152733304e-05,-0.0001411523812837428,-0.0003360664580061201
-7.095663042810393e-06,-1.5107695689279582e-06,3.2924838234399774e-06,-2.35701831532842e-05,-2.4014247970621563e-05,-0.0001410609796049114,-0.0003351537460828894
-7.0138109453366345e-06,-1.64157442156128e-06,3.412603064736344e-06,-2.3623001688463887e-05,-2.3979518206941352e-05,-0.0001407338745823515,-0.00033476059548675184
-7.049226559406869e-06,-1.6587829782858145e-06,3.4491048693951903e-06,-2.363107414057558e-05,-2.3865291997955217e-05,-0.00014065813909665408,-0.0003338930290298542
-6.868467980418906e-06,-1.6864661702941828e-06,3.6876245384511394e-06,-2.3607343967635637e-05,-2.3811650025512972e-05,-0.00014044595719202684,-0.0003328575114692307
-6.952083272101145e-06,-1.5677017330336728e-06,3.517953769390242e-06,-2.3543763165192338e-05,-2.3720752612180954e-05,-0.00014007756372762467,-0.00033086586152592326
-7.103041299086711e-06,-1.74584286544324e-06,3.665993912633152e-06,-2.356682787893383e-05,-2.2616676159955678e-05,-0.00013992887899289086,-0.000329531165649658
-6.614948740673487e-06,-1.7380298071888222e-06,3.7008084807310805e-06,-2.352695979007828e-05,-2.2286620308997686e-05,-0.0001395498723099385,-0.0003277274831238556
-6.2095442868153865e-06,-1.975958985602917e-06,3.9764532218020364e-06,-2.3654029291245662e-05,-2.1863846740720383e-05,-0.00013907939481720626,-0.0003264134513668812
-6.098657141702137e-06,-1.8625662609925623e-06,4.1260790477468206e-06,-2.3643582364562133e-05,-2.1438051403278024e-05,-0.00013834082477075482,-0.000325002169373128
-5.9747389418050195e-06,-1.8858009755131964e-06,4.23903683380172e-06,-2.3554998324689862e-05,-2.0817874774482046e-05,-0.00013804156615269622,-0.00032422716326462
-5.532003811233047e-06,-1.6834079108863064e-06,4.3369562471189915e-06,-2.3546688827305438e-05,-1.9855074522136125e-05,-0.00013776450230755524,-0.00032374505113467094
-6.347013407260834e-06,-1.742372439088717e-06,4.032385718087187e-06,-2.3512838134253015e-05,-1.914175794762229e-05,-0.00013742659566248985,-0.000319691580394044
-6.8755792500120785e-06,-1.3486240204073189e-06,2.9644983536283972e-06,-2.349495632451682e-05,-1.8781413128880886e-05,-0.00013709195207774536,-0.00031693507915206827
-6.773201202570599e-06,-8.741190810670259e-07,3.079808589000241e-06,-2.3603859051219924e-05,-1.75517110575685e-05,-0.00013602868367889248,-0.0003159780067843472
-6.760165555081272e-06,-3.8643239281339377e-07,3.209656614896615e-06,-2.3595270756172017e-05,-1.6575486987649997e-05,-0.00013512143509161138,-0.0003150939714315631
-7.582100702262017e-06,-1.7231011369368028e-07,2.4378922033490044e-06,-2.366299837133512e-05,-1.5639741859103625e-05,-0.0001337440058203405,-0.0003114365076032776
-7.902269763341756e-06,-8.525682853882955e-08,2.5381804521725926e-06,-2.350492389763008e-05,-1.4135769719722424e-05,-0.00013312514941066076,-0.00031177358309894646
-8.256722980664836e-06,7.493171951729627e-08,2.8876146984535402e-06,-2.342670884813435e-05,-1.3383617787368768e-05,-0.00013226415510168865,-0.0003089934473001208
-8.159473283932237e-06,1.9177841481872196e-07,2.803889557355186e-06,-2.344470295564302e-05,-1.2602137078987297e-05,-0.0001313557300725029,-0.0003077623968477844
-7.983955135489176e-06,1.587213189620644e-07,2.8735545040405517e-06,-2.3346298436421344e-05,-1.1185990756664801e-05,-0.00013060192335027012,-0.00030766421374416617
-1.098869376535012e-05,-1.38143600378963e-08,3.0994129773064128e-06,-2.2918517483581143e-05,-1.0667609104453186e-05,-0.00012980692619346534,-0.0003006876243370997
-1.0930153770917739e-05,2.2607614572704802e-07,3.662905953631198e-06,-2.2832319645277563e-05,-1.03545232316995e-05,-0.00012933874627663866,-0.0002997070114415055
-1.0533017597398267e-05,2.9297680292604493e-07,3.6705522859311773e-06,-2.2958018851189286e-05,-9.788014577214454e-06,-0.0001291363849014986,-0.00029656486542823925
-1.418209583079713e-05,9.135493515877738e-07,4.038027365231575e-06,-2.2785014638728187e-05,-9.975544958598028e-06,-0.00012804865081356219,-0.00028412670940847543
-1.3196618887500308e-05,1.2550012173898746e-06,4.6651104452085794e-06,-2.2759156607320092e-05,-9.691708395817811e-06,-0.00012700992731299988,-0.0002814991393923039
-1.1879707438624963e-05,1.680886287975706e-06,5.263185375625803e-06,-2.2492634959247908e-05,-1.0550143728073709e-05,-0.00012619225251600275,-0.0002800991052883279
-1.0923815296231374e-05,1.907917422576898e-06,5.9125908826268185e-06,-2.2480965798854453e-05,-1.0485789858462282e-05,-0.00012649915386976068,-0.0002785938890819011
-9.981088877609387e-06,2.02050609637615e-06,6.066973177024616e-06,-2.2361318581148405e-05,-9.290943401256218e-06,-0.00012563466964980778,-0.0002767425643635837
-9.245426741101607e-06,1.681692569944961e-06,5.577085160975155e-06,-2.2292796607037546e-05,-8.08591631645917e-06,-0.00013069178825840332,-0.0002685362887412576
-9.853900380423026e-06,2.3524052514140824e-06,5.346012894144264e-06,-2.2951367277196616e-05,-7.534669213493171e-06,-0.00013153114853487556,-0.00026011077167291397
-8.8013143687308e-06,2.657103125523515e-06,4.1452485593655635e-06,-2.303619313777415e-05,-6.048044879688823e-06,-0.00013842408935441504,-0.00024870581554428266
-7.932699713473887e-06,2.7628453805785315e-06,4.4389236977244705e-06,-2.2770201135182193e-05,-5.1287079074624416e-06,-0.00013738373873131316,-0.0002472728605242021
-7.219061114874397e-06,3.1438258909955542e-06,4.526451179488475e-06,-2.264993052234817e-05,-4.6370883903130164e-06,-0.00013804671364960877,-0.00024280392232667306
-7.0833336124120095e-06,2.796055615786836e-06,4.782210131179629e-06,-2.226197380092371e-05,-4.318260405314061e-06,-0.00014075943569063427,-0.00023629503450434272
-6.5508965195362015e-06,3.0942587507369744e-06,4.925972596521328e-06,-2.204420514374858e-05,-3.957021599845431e-06,-0.0001391817779827001,-0.0002344127690347534
-6.394829849195911e-06,3.521885406120189e-06,4.886441843851726e-06,-2.1719614982562904e-05,-3.8588305887094145e-06,-0.00014515555825542269,-0.00022295926584074151
-5.896456691427403e-06,3.849161511009924e-06,4.917433972887421e-06,-2.1483726183552382e-05,-3.783832047094981e-06,-0.000144493059896908,-0.00022003595959824217
-5.135187714276824e-06,3.803771305922117e-06,4.8090781729801826e-06,-2.1027017061142193e-05,-3.703964506607566e-06,-0.0001424812417924548,-0.00021892521067107707
-5.185476994501891e-06,2.9090908535846513e-06,4.685684436154818e-06,-2.0552452292483576e-05,-4.047419294639469e-06,-0.00014540266869001906,-0.00020947653028475157
-5.127378305373533e-06,2.768961270528211e-06,4.8584962650355555e-06,-2.0229182459269277e-05,-4.3322650175165855e-06,-0.00014556448181186543,-0.00020486392220819385
-7.484724711243415e-06,1.1568209800607767e-07,4.087956832305503e-06,-2.0328358106443217e-05,-6.687281253216288e-06,-0.00014568016592108083,-0.00018864621453831406
-7.513559994806923e-06,2.4930631258821146e-07,4.249571361412148e-06,-1.9666389790481503e-05,-6.117145392851108e-06,-0.0001448634786800513,-0.00018619474274912892
-7.212062128126156e-06,3.1405117003307493e-07,4.455228525425668e-06,-1.9119397034406804e-05,-5.368562233050151e-06,-0.00014369732762157814,-0.00018344170294494743
-7.189406552547414e-06,-9.063522974364893e-07,4.260042082150784e-06,-1.8597759022089055e-05,-1.4161201440404908e-06,-0.00014243802530456554,-0.00017864215102811863
-6.663559770517921e-06,-9.373292419093831e-07,4.495582277351646e-06,-1.8365027969362125e-05,-7.832011261051629e-07,-0.00014180498199345678,-0.0001762912544426469
-5.892588537684217e-06,-8.051036588599339e-07,4.698811821999283e-06,-1.863519698377169e-05,-8.773639648794057e-07,-0.00014172217765670144,-0.0001737894866200847
-4.963437796988337e-06,-3.395723781489943e-07,5.141838716276338e-06,-1.8822267880453226e-05,-5.673587994335913e-07,-0.0001411420488344916,-0.00017197359196007508
-6.132928919443391e-06,-1.790906846319814e-07,4.658661002421879e-06,-1.8931357156796738e-05,-8.175072930620831e-07,-0.00013900080324998735,-0.00016594007929848632
-5.953989747270293e-06,5.891407367540921e-07,4.772066043808008e-06,-1.877012170631808e-05,-3.6842983507086014e-07,-0.00013791550540009193,-0.00016410626569180004
-8.758044149957653e-06,-6.947876898967533e-07,4.4748309928679704e-06,-1.897834756394467e-05,-4.5955746907849015e-07,-0.00013486565778725548,-0.0001569315419327271
-9.291201565683776e-06,-5.111602395669162e-07,4.900212418356477e-06,-1.8844527629461272e-05,1.1784543776794158e-07,-0.00013410739845420822,-0.00015504354223386425
-8.44989312129864e-06,-1.35523856486356e-06,4.911309537743618e-06,-1.820726639528357e-05,6.555544230267012e-07,-0.00013291603703880544,-0.00015325486777384756
-8.841407335592313e-06,-1.4670232841319127e-06,4.892073394865961e-06,-1.7275595781123868e-05,9.020073333353212e-07,-0.00013176360804509932,-0.00014976288521557983
-8.49562905999883e-06,-1.3306097210017572e-06,5.184518431620304e-06,-1.6548075127089582e-05,1.4492022886380634e-06,-0.00013082590766368994,-0.00014755993808180547
-7.686176356055804e-06,-1.1776467589297298e-06,5.511649032510968e-06,-1.5631650816168044e-05,1.8825112601045895e-06,-0.00012973390907990485,-0.00014530121621488348
-8.245439345692932e-06,-8.71055656311681e-07,6.003238837067015e-06,-1.54676089506399e-05,1.67306035844856e-06,-0.00012807001502839643,-0.000142121952481135
-8.132497084567856e-06,-4.989256288590228e-07,6.2701559792153185e-06,-1.5251259054885406e-05,1.7706092575243312e-06,-0.0001270769691175948,-0.00013993088661749462
-8.071868751406165e-06,-3.989834812655155e-07,6.707505027868383e-06,-1.5667511780711272e-05,1.4754842801878827e-06,-0.00012570145397227227,-0.00013657627692239893
-7.407009970543229e-06,-2.721971432585967e-07,6.993046941892015e-06,-1.5478883222619854e-05,1.7554017107428456e-06,-0.00012478530628708552,-0.00013358482429579158
-7.598045159246072e-06,-1.3492948306600108e-07,7.712733871946636e-06,-1.5375561631462292e-05,2.1164397253649032e-06,-0.0001236654982540165,-0.00013054491133618638
-8.277668827592334e-06,-2.7168745883610787e-07,8.514667945486466e-06,-1.562663272883493e-05,2.3152608165144715e-06,-0.00012247940648285474,-0.00012659430553055013
-8.40550332145174e-06,-2.9780980528933007e-07,8.972996796477258e-06,-1.526740982460282e-05,2.620247221410457e-06,-0.00012147667461331096,-0.00012366561871990006
-8.194061659663764e-06,-8.427378524484129e-07,9.82997999260678e-06,-1.5794802924788975e-05,2.921240059301706e-06,-0.00012018153304491845,-0.00011921119017008802
-7.459069060534722e-06,-1.0541270329793118e-06,1.003985232077844e-05,-1.5421547266932902e-05,3.296386175477219e-06,-0.00011900430426629021,-0.00011609696313618563
-7.152174278657653e-06,-1.197544221209731e-06,1.0045794817643062e-05,-1.4918192172217608e-05,3.563172951717042e-06,-0.00011789583469985381,-0.00011276166133075489
-6.742661971015165e-06,-1.320903575473006e-06,1.0533000000279901e-05,-1.451339538543152e-05,3.9036303884401775e-06,-0.00011705131397633544,-0.00011040146108046522
-6.171170577498716e-06,-1.4310123840770075e-06,1.0614243489060866e-05,-1.4556193991384298e-05,3.879216492065628e-06,-0.0001162590062084271,-0.00010687918241973674
-5.309491611095877e-06,-2.0246492645858076e-06,1.01116190247184e-05,-1.4533977498070156e-05,4.177333790049833e-06,-0.00011504724939226075,-0.00010219002398208804
-4.168530563774938e-06,-2.1333378660070125e-06,1.021131304625449e-05,-1.4449543005611971e-05,3.9896525563861746e-06,-0.00011380887726782564,-9.867378249941975e-05
-3.261439133611813e-06,-1.9767122443184924e-06,1.0674789739447511e-05,-1.4442890279390016e-05,4.114986511883459e-06,-0.0001124786150675253,-9.454655845981733e-05
-2.7211592874588688e-06,-1.9694816088482376e-06,9.342202315889686e-06,-1.4196640876883935e-05,4.079362235341196e-06,-0.00011113084594704903,-9.026654243098928e-05
-2.8200010874728434e-06,-1.9302814967561224e-06,9.890456108077004e-06,-1.3668585604228207e-05,4.3152782759391665e-06,-0.00010923862045098298,-8.607801801124047e-05
-2.610460078958463e-06,-1.882752721474247e-06,1.0090238827361565e-05,-1.4101557251513243e-05,4.536834987543965e-06,-0.00010802442280584496,-8.235098655711231e-05
-4.0603136755354126e-06,-1.8755509896190016e-06,1.1011050766471103e-05,-1.5273082959395834e-05,4.939953201941628e-06,-0.00010598284610213371,-7.620564917505782e-05
-3.7674300838268927e-06,-1.6480035447776795e-06,1.1376826756186111e-05,-1.4885074078838093e-05,5.363062820376757e-06,-0.0001047355293210119,-7.378362481477196e-05
-3.4699034048175605e-06,-1.4581188557976295e-06,1.1506487119339107e-05,-1.4209355360216123e-05,5.668685326859855e-06,-0.00010314709407098723,-7.053380635437568e-05
-3.89843571014726e-06,-1.4610248217699426e-06,1.1835278541080998e-05,-1.396177047657953e-05,5.989707158625458e-06,-0.00010206200633366997,-6.709152062420157e-05
-4.523867768312365e-06,-1.4110985031035196e-06,1.2165332735516248e-05,-1.3273888165963586e-05,6.464346661717613e-06,-0.00010038288577363089,-6.264437811955375e-05
-6.446642935288315e-06,-1.4690074550028993e-06,1.3883694267451774e-05,-1.4297179561353432e-05,6.629452428572301e-06,-9.914712731835787e-05,-5.710296169268597e-05
-6.3688924893577286e-06,-1.5315033466775873e-06,1.3839822858883004e-05,-1.4218786190182304e-05,7.234603907571033e-06,-9.781100246090575e-05,-5.3350681212661715e-05
-6.567995376306574e-06,-1.7501914989028635e-06,1.344928933040919e-05,-1.4576499166481076e-05,7.317375318852939e-06,-9.621266985611402e-05,-4.802908101812369e-05
-6.647154923602571e-06,-2.1223522841040816e-06,1.243257277438296e-05,-1.4514914000422057e-05,7.610245565629615e-06,-9.416974415225605e-05,-4.1698425246292836e-05
-5.850037905628908e-06,-1.6197451196231804e-06,1.2411616948508138e-05,-1.3950567973771277e-05,7.884146553120172e-06,-9.272095568645043e-05,-3.888422908282083e-05
-5.362559456933088e-06,-1.5975608214200517e-06,1.0450052994980181e-05,-1.3769670349067711e-05,8.244997186757665e-06,-9.060944841070409e-05,-3.442558341028046e-05
-4.498730574439853e-06,-1.8210058077249327e-06,1.0700682459323751e-05,-1.345799111495525e-05,8.476615370149058e-06,-8.941785978814243e-05,-3.059481614421034e-05
-3.7457528919371934e-06,-1.8302397422362847e-06,1.0758348378684217e-05,-1.289919096796691e-05,8.626252812856033e-06,-8.856509877358536e-05,-2.7777424415814703e-05
-2.923034401889901e-06,-2.06537717742146e-06,1.2845363995877634e-05,-1.2818738277073419e-05,8.788657638772057e-06,-8.859877469713528e-05,-2.6074536014461767e-05
-2.271923917792943e-06,-3.3168100094360453e-06,1.092176144336281e-05,-1.3854271114977836e-05,9.112493983426426e-06,-8.47597993171671e-05,-1.768789000074728e-05
-2.5064071393089193e-06,-3.595246229958631e-06,9.585293941409836e-06,-1.362094217316076e-05,9.779380521873382e-06,-8.32119663558759e-05,-1.3683218164977268e-05
-2.093184622588095e-06,-3.7268279132445414e-06,1.0434019715923478e-05,-1.3421842564444693e-05,9.962256411886471e-06,-8.196117251370197e-05,-1.0246354113828561e-05
-2.070426447976619e-06,-4.467459903208986e-06,9.377536671720075e-06,-1.3439661283770707e-05,9.892088842147993e-06,-8.039226058996215e-05,-3.909589555614277e-06
-2.0786040179652495e-06,-4.681662200436581e-06,6.47897388712026e-06,-1.3183454819964648e-05,1.0019725166820229e-05,-7.874153346187829e-05,1.9034498463056567e-06
-1.7039323214121937e-06,-4.375143281996021e-06,8.51387969841252e-06,-1.2873991351104292e-05,1.0096715102030975e-05,-7.878785028045956e-05,5.103883501196034e-06
-1.387137925478843e-06,-3.944773583436959e-06,8.661364941279293e-06,-1.2382271139563754e-05,1.0369787123699748e-05,-7.873612419458063e-05,9.569382511414446e-06
-8.597721005368637e-07,-3.3287080682055216e-06,1.5873915094369806e-05,-1.176428290419484e-05,1.0649512942559012e-05,-8.165452338598375e-05,9.554086155326726e-06
-1.1635259639262706e-06,-3.0354987639371097e-06,1.618738472017589e-05,-1.0921048271347222e-05,1.103690096877072e-05,-8.102355827445873e-05,1.2679573318057706e-05
-1.3883439101854847e-06,-2.8135340382592068e-06,1.8320988743330263e-05,-1.0525376621237006e-05,1.0967733002060676e-05,-8.07998665365318e-05,1.5538627094158582e-05
-3.060734417755223e-06,-5.026261459722224e-06,1.4799565577405456e-05,-1.3237620177325102e-05,1.2734877595746067e-05,-7.829548109546825e-05,2.813588171045304e-05
-3.2925703135255863e-06,-5.523812941917448e-06,1.0607009743461118e-05,-1.38126677054373e-05,1.3451089961047845e-05,-7.71950988605104e-05,3.5772944516880577e-05
-2.933446988524219e-06,-5.4928658934572794e-06,1.1266148146465227e-05,-1.3451718442460848e-05,1.4112375516558956e-05,-7.63244888547982e-05,3.8477557582881584e-05
-2.51607463041331e-06,-5.249997468165127e-06,1.2848275566784457e-05,-1.2945870473002882e-05,1.442146835716035e-05,-7.657436687162168e-05,4.2243459919257364e-05
-2.596115007748677e-06,-4.367245020602764e-06,1.4841541933110747e-05,-1.2420553601327191e-05,1.4257350365670144e-05,-7.737988668352049e-05,4.739513574775257e-05
-2.3450269336771086e-06,-4.326473348130483e-06,1.5838925698529454e-05,-1.24413706016003e-05,1.447500290360739e-05,-7.700288012428e-05,5.1408716805552035e-05
-2.4679886329806534e-06,-5.059358194858903e-06,1.4583673716737621e-05,-1.28733519730949e-05,1.4289106833259878e-05,-7.019763395957794e-05,5.2949113277182465e-05
-2.5593813367285128e-06,-4.6670175079722105e-06,1.60942540569604e-05,-1.2224478464161357e-05,1.3855819983645893e-05,-6.642975130228183e-05,5.364078230387374e-05
-2.5442816637687917e-06,-5.237258182088871e-06,1.5481802693059624e-05,-1.193745751193362e-05,1.2422723002076002e-05,-5.1681091324975165e-05,4.8365790720967736e-05
-2.954985506954208e-06,-6.181833291621613e-06,1.5319769187409906e-05,-1.1954971730056183e-05,1.1696653858030607e-05,-4.3613189491356224e-05,4.918545137455007e-05
-3.3036350676962296e-06,-7.1795666760149955e-06,1.7302979779987877e-05,-1.240681642071489e-05,1.0084705731010703e-05,-3.220037397726174e-05,4.668626769735712e-05
-3.151619584914557e-06,-8.489866416640049e-06,2.0393082179699236e-05,-1.253282314358753e-05,9.09424808776784e-06,-2.7197286791262156e-05,4.824782673560482e-05
-3.3612726968315284e-06,-8.469273515576832e-06,2.0893131153046974e-05,-1.3014597436774651e-05,8.065740308036202e-06,-1.1884162351062326e-05,4.0263995605829845e-05
-3.470172593432513e-06,-9.43502727850018e-06,2.051353961274588e-05,-1.2831065197588979e-05,8.155913717997195e-06,-9.021846939848634e-06,4.569221974529505e-05
-3.922869138205673e-06,-1.0622301871576543e-05,1.9979242198861562e-05,-1.2733219102777301e-05,7.716216431626322e-06,-4.5143972867429004e-06,5.050422316881719e-05
-3.6929191362272575e-06,-1.0150311641657983e-05,1.9098408840347305e-05,-1.2507072302237853e-05,7.88331403954886e-06,-1.5423688218783422e-06,5.426117675544194e-05
-3.7576044822420843e-06,-9.16224794307068e-06,2.1919494543858523e-05,-1.1976495614287503e-05,8.347950723419848e-06,4.856850551544486e-08,5.604389533347611e-05
-4.070545912160572e-06,-8.409726450749914e-06,2.1134338386319085e-05,-1.1668617147272621e-05,9.123524205366056e-06,3.0351702657105173e-06,5.957941771945748e-05
-4.458782638077641e-06,-8.042350657154868e-06,1.947298674522674e-05,-1.1677109982516113e-05,9.638704741485074e-06,6.5502765611181024e-06,6.485650296325792e-05
-4.434119782740795e-06,-7.69902648745614e-06,2.0548325363374837e-05,-1.1709885896487454e-05,1.0353172362772483e-05,8.422971836577858e-06,6.8982123670631e-05
-4.194461901559753e-06,-6.897418120715025e-06,1.962409324550985e-05,-1.136743176055789e-05,1.093276314513302e-05,1.0825096817375815e-05,7.298091964148442e-05
-4.83603471139642e-06,-7.159050727802146e-06,1.9386150747609203e-05,-1.1833045567052295e-05,1.0536811524600095e-05,1.613270854391616e-05,7.978935459012944e-05
-4.601856517034867e-06,-7.188497558115293e-06,1.9513743042064893e-05,-1.1786779639603994e-05,1.0979709083033942e-05,1.9051526771079543e-05,8.360904921857997e-05
-4.8103551669352226e-06,-7.456886388894337e-06,1.8373920030797005e-05,-1.1736170951543612e-05,1.07604057577358e-05,2.3486573044048552e-05,8.934274140812669e-05
-4.685276347974321e-06,-7.191539812772597e-06,1.8025582856996043e-05,-1.1453089533088273e-05,1.1031573027423184e-05,2.588967052114565e-05,9.449330702160419e-05
-5.504108956049545e-06,-7.399137673964905e-06,1.6408695225775013e-05,-1.0573109256084958e-05,1.064347540270796e-05,2.9777627664102875e-05,0.00010171345199351326
-5.1475567822335835e-06,-7.069537954550777e-06,1.6216306816128112e-05,-1.0186842468344063e-05,1.0656776376296278e-05,3.397720905702739e-05,0.00010534720602234222
-5.518974651667007e-06,-6.817356539199073e-06,1.5989014518151074e-05,-9.657984028364522e-06,1.0726045772925498e-05,3.7466857087551854e-05,0.00011031262557393664
-5.272915282266846e-06,-6.051606134945605e-06,1.5401086445384207e-05,-9.390155636210503e-06,1.1243543557956482e-05,4.058065996546752e-05,0.00011415628148461681
-6.189955936898435e-06,-6.198974404225257e-06,1.526732969713842e-05,-8.883200429287292e-06,1.119764081637673e-05,4.5541113557042116e-05,0.00012161627443318392
-7.434272989701416e-06,-6.373737096588036e-06,1.6193471107537708e-05,-9.390941526986943e-06,1.1233860661128865e-05,5.032798617274196e-05,0.00012713052807187034
-7.849950975239974e-06,-6.042286684858009e-06,1.672780385007435e-05,-9.245930952622378e-06,1.151689844466863e-05,5.3800768145180506e-05,0.0001320562592394625
-8.487582249864718e-06,-5.652228742848026e-06,1.6041504892958362e-05,-8.800554980640346e-06,1.219665469346239e-05,5.9005183607482417e-05,0.00013828725051278176
-7.880508475892899e-06,-5.49498038285479e-06,1.4934397962752854e-05,-8.338287994790485e-06,1.3009463759809011e-05,6.351223291386225e-05,0.00014522790995044724
-8.394499355149757e-06,-5.4644652376378945e-06,1.358745803489426e-05,-6.834389324478065e-06,1.3400928827186077e-05,6.800606586125917e-05,0.0001539191289272552
-8.51364655475877e-06,-5.71400867686995e-06,1.1675177297274705e-05,-6.012966713135817e-06,1.3369292352626916e-05,7.109583265224989e-05,0.00016107721404260908
-7.871956448355508e-06,-4.88624796703333e-06,1.1599359587239305e-05,-6.124806810007857e-06,1.427239368687241e-05,7.353419252920603e-05,0.00016730062648874088
-8.297624058723761e-06,-5.016314834847025e-06,9.707440536222172e-06,-5.863022761310603e-06,1.4469776595432126e-05,7.838636645004806e-05,0.00017856027247317572
-8.355860076698486e-06,-5.207716665283049e-06,8.544178503263843e-06,-2.524769333748182e-06,1.529923651818113e-05,8.243789402399649e-05,0.00018615393143028185
-8.898880149887078e-06,-4.817410945327877e-06,6.764851424723658e-06,-1.0948735681101487e-06,1.5610359894748722e-05,7.667274491619871e-05,0.00021008343616098064
-7.772188405408209e-06,-3.742221267871635e-06,7.3505447829249526e-06,-3.903210444505495e-06,1.5997007076043513e-05,7.87470969838472e-05,0.00021600319900829578
-7.753521980374018e-06,-3.580360369338839e-06,6.1005495821047195e-06,-5.774331120320231e-06,1.6374714822766045e-05,8.070559735849522e-05,0.00022535424610666246
-7.560053810573179e-06,-2.462366067174134e-06,2.9184107660037127e-06,-2.6873848380580016e-06,1.5458820643977953e-05,3.098596867740578e-05,0.000299600165695073
-6.436195298445252e-06,-1.8504223257442227e-06,3.365249580784446e-06,-8.402684725680508e-06,1.594015006269362e-05,1.4027000181990133e-05,0.0003228771302577336
-5.829750446200358e-06,-9.952961497029602e-07,2.56048766945228e-06,-1.0565137634241855e-05,1.5661110794766934e-05,1.5379490539697932e-05,0.0003392359896262344
-5.4922494831864656e-06,-9.911927398657231e-07,1.5161341685925885e-06,-9.690926569369266e-06,1.454514076991618e-05,1.3055595083213374e-05,0.0003693743931706935
-5.8591616346400885e-06,-1.2105280829053022e-07,-2.266879710949632e-06,-1.2343743962740044e-05,1.044465370142874e-05,8.742386962770044e-05,0.0003181358758541598
-5.781345092916299e-06,-3.783035348007703e-07,-1.1102908571958136e-06,-1.2472329387957744e-05,1.0669712251346265e-05,9.922877417847361e-05,0.0003244540101763897
-8.984349673457094e-06,-3.526333772364467e-07,-1.6082465712405482e-06,-1.1132194754404628e-05,1.0845235115403909e-05,0.0001067845987945895,0.000340361151533017
-7.68737988214362e-06,1.8699973967836092e-07,-2.521212383030484e-06,-8.959588147632686e-06,1.0831838660242256e-05,0.00011252032862275733,0.0003532492411234664
-6.805451053189647e-06,1.0894787630598997e-06,-2.4207799999785117e-06,-9.036241712424742e-06,1.225210374806221e-05,0.00011752473097609275,0.0003640363870117179
-6.743575393184189e-06,1.3503033678829406e-06,-2.1264379642497106e-06,-7.97567883769244e-06,1.1585979916928657e-05,0.00012844325945463841,0.00037753637718901276
-5.912744775955835e-06,2.5353963183930986e-06,-7.438049137042664e-07,-6.481071286671022e-06,1.1955684342043333e-05,0.00013775757040015334,0.00038614586431575006
-6.761805031809983e-06,2.414429120702412e-06,-1.5016925635733214e-08,-1.0762987647028986e-06,1.2721195425899222e-05,0.00014115550903298348,0.0004015522148759053
-7.031431315703665e-06,2.3760362037966403e-06,1.2257118488127846e-07,2.7924018252121753e-06,1.3123644765735026e-05,0.0001498824331023422,0.0004195679053004076
-5.98589386272628e-06,2.9849893888716357e-06,5.333777055622076e-07,4.9363608974020575e-06,1.4720914815057831e-05,0.00015864501657449,0.00043500212888134617
-7.701209952452445e-06,4.4829437259302565e-06,-7.173707414260314e-07,3.945420346488117e-06,1.5303934026085807e-05,0.00017614735662353494,0.00044407582037184055
-8.240087258391617e-06,8.380540755294307e-06,-9.414671974897195e-07,3.0206183984546847e-06,2.824113593092669e-05,0.00019598901812455788,0.00043879046897997816
-7.64898283607443e-06,5.907651109702895e-06,3.543825442773261e-08,7.0034416746214595e-06,3.0975755460698665e-05,0.0002045526831533964,0.000458744240916555
-7.797553105830246e-06,5.249795973064257e-06,4.4034662386920163e-07,7.529528764807422e-06,3.0855403501564506e-05,0.00022307624566476035,0.0004642631269777577
-8.25072402264803e-06,4.9171094210617285e-06,-2.2572276328766304e-06,1.1222005426067473e-05,3.510849544136669e-05,0.00026659547931125676,0.00044615508978908833
-4.299042611274053e-06,5.044631311688648e-06,-8.162356002371677e-06,2.0899860932592193e-05,3.925150674362318e-05,0.0002791798066109813,0.0004452924874147526
1.2778216711711216e-06,2.58073283224181e-06,-7.833516701442774e-06,2.3238423585353547e-05,4.474027945337693e-05,0.00028824792865716337,0.0004539352249021316
4.5002686494392815e-06,3.566761284065934e-06,1.5041324181627952e-05,2.3479960270383355e-05,4.5413373741819835e-05,0.0003088874754207417,0.0004409643975185842
5.401835111236127e-06,2.792468866100007e-06,2.2043431711477787e-05,2.495757781022727e-05,4.403560167414763e-05,0.0003240751711748114,0.0004450241413853178
6.7845955522966896e-06,4.403901022599998e-06,2.173616298361422e-05,2.5414153610014775e-05,4.1199119537926686e-05,0.00033846982482528174,0.0004529758035349298
7.932614512418324e-06,5.073216592388316e-06,2.0204525345477805e-05,2.3185819586328362e-05,3.7427439606488384e-05,0.0003406078528810287,0.00046795209254253163
7.201389603384353e-06,9.59823117115505e-06,2.8085697092151187e-05,2.4695587874650882e-05,3.8938253661605974e-05,0.0003418856426882183,0.0004956687589754865
8.90278092920951e-06,3.30837815810997e-05,2.9404109015395877e-05,2.4767497402172163e-05,3.6236980545915625e-05,0.00034626634355226023,0.0004814954013739351
9.630232944550843e-06,4.897776459245556e-05,2.859651109205518e-05,2.3001688762600494e-05,3.485849039294335e-05,0.0003524722836831368,0.0004800765895989166
4.15786927282631e-06,4.526888072024403e-05,3.067606471666173e-05,1.855517400297242e-05,3.5264780851953436e-05,0.00033129661950192607,0.0005472175053334006
2.587562429772066e-06,4.249490146327117e-05,3.1876450838402226e-05,1.838933058716551e-05,3.0053062127902668e-05,0.00031794268951012276,0.00058562956411003
3.4699672073595223e-06,4.074928816518244e-05,3.3632501801431014e-05,1.8317172823298835e-05,2.872722521250243e-05,0.0003178852780525453,0.0006085221278043401
3.2410510766560234e-06,4.020170451830527e-05,3.731657070554209e-05,1.9719077028439595e-05,2.9536308498281608e-05,0.0003190414101102728,0.0006193174391291696
-6.031887251313286e-07,3.8143123976186986e-05,3.9470097914790276e-05,2.087947348410302e-05,3.1642047912021796e-05,0.0003208792000124166,0.0006422794731589399
2.0291285975962625e-06,3.9081660749681844e-05,3.836127380809506e-05,2.0053247652656025e-05,3.334869935787133e-05,0.0003219343493238834,0.0006575018682435315
2.817618770693297e-06,4.0612642577018684e-05,3.830601747048003e-05,2.182595944021427e-05,3.38757262937978e-05,0.0003208729593112019,0.0006657093038699222
5.398493308541415e-06,4.076224373096959e-05,3.813381159192187e-05,2.150588751954625e-05,3.508913453534361e-05,0.00032285421586504705,0.0006708864411819477
7.2189932041860704e-06,4.054369122510926e-05,3.8422342769908295e-05,2.133578795802695e-05,3.5142734464687355e-05,0.0003238577981057674,0.0006734522133389671
1.2561198107743615e-05,4.24827755243263e-05,3.821753166910464e-05,2.222806024064085e-05,3.6158664359384815e-05,0.00032480801384235657,0.0006775306506564312
1.8987913015025284e-05,4.18860728820483e-05,3.790568571459653e-05,2.1616553990147225e-05,3.674065896855337e-05,0.0003276494288011495,0.0006860239143617897
2.0681738431707763e-05,4.0084363536721774e-05,3.7461737513332204e-05,2.1319405705785756e-05,3.730850154520501e-05,0.0003319616767850854,0.0006894394708821402
2.053433576332438e-05,4.062946578840132e-05,3.677734158100282e-05,2.1126017426416014e-05,3.8154659635175374e-05,0.00033237939035073773,0.0006968423505215907
2.149125131800477e-05,3.9550321255515746e-05,3.635022036906353e-05,2.0890635388993595e-05,3.8918088225690855e-05,0.0003338377578881222,0.0007054286199545785
2.3067989285842815e-05,3.969649383651136e-05,3.563251241718245e-05,2.039381006722802e-05,3.989817587168564e-05,0.00033586296940971074,0.0007126382768451477
2.333196284759794e-05,3.741064512787398e-05,3.4740831351925746e-05,1.9935087993224118e-05,4.0273681119396885e-05,0.00033856700300536236,0.0007216810162879411
2.3979558798512882e-05,3.821069970986833e-05,3.561769839772363e-05,1.95019733005724e-05,4.122902530289783e-05,0.0003403100854528584,0.0007265945201042249
2.447995296624851e-05,3.900700242571317e-05,3.5996184330867944e-05,2.010639804453397e-05,4.1880946951667625e-05,0.00034162489760842623,0.0007303448454058629
2.5032809601518123e-05,3.910580028696237e-05,3.636809368733371e-05,2.0306352922433538e-05,4.245454967555653e-05,0.00034329727495074333,0.0007345553466087769
2.5334293757632377e-05,3.8294932595609336e-05,3.574222617556754e-05,2.0789752272906363e-05,4.194916275817924e-05,0.00034423180183045985,0.0007393113916763055
2.560458497695522e-05,3.80458904475124e-05,3.562949279740218e-05,2.1981819822044332e-05,4.2364514860168845e-05,0.00034583760340204056,0.0007428063214272086
2.591432279935184e-05,3.824175643452864e-05,3.5519674772164336e-05,2.3176745444454394e-05,4.255036164459406e-05,0.0003463718489821317,0.0007442655176561114
2.6519601724519188e-05,3.82352821705362e-05,3.644585662478768e-05,2.3857061244948344e-05,4.228015751262971e-05,0.00034633463250970125,0.0007463343026128777
2.6725075490362407e-05,3.83416398529732e-05,3.658499907526922e-05,2.426323978584001e-05,4.249146796722549e-05,0.0003464820781447035,0.000746808394083629
2.6963043858602726e-05,3.814838361146539e-05,3.634969819029244e-05,2.42857102145932e-05,4.261972612484589e-05,0.00034633642983327215,0.0007473272359002669
2.6814949944288532e-05,3.788767770541948e-05,3.625302975686735e-05,2.421565382883046e-05,4.25755439165287e-05,0.0003461635524006185,0.0007477931535141176
2.661039565551479e-05,3.719191263470089e-05,3.5973767251543206e-05,2.4101265204733244e-05,4.244362744915716e-05,0.0003459157512820696,0.0007474735082556157
2.6691686151582772e-05,3.71221023563933e-05,3.566471625999745e-05,2.3913059319790033e-05,4.209937851217394e-05,0.0003457350503996671,0.0007457609014003966
2.59255385143911e-05,3.676367950147529e-05,3.5537383672886636e-05,2.3553532986252646e-05,4.1867048899107275e-05,0.0003453984860278122,0.000743467891464731
2.6214246268790967e-05,3.732254852163048e-05,3.5848995576868876e-05,2.2777660195148725e-05,4.133057691232069e-05,0.0003448464594956801,0.0007387897407628793
2.6103503268523247e-05,3.980338277073089e-05,3.6636153356893075e-05,2.2428605771679227e-05,4.2369300184909096e-05,0.00034426666428690085,0.00073139595142701
2.6067647052669213e-05,3.938135783772686e-05,3.6201814736718515e-05,2.135943721132851e-05,4.187064979227445e-05,0.0003434105275522765,0.0007271921268836503
2.6117090093848608e-05,3.869799111152445e-05,3.5846613768581276e-05,2.0353194970827003e-05,4.250704904996487e-05,0.0003420571330069836,0.0007215011557315802
2.5910512320816177e-05,3.9739152059944e-05,3.773151235191823e-05,1.9585559560792642e-05,4.2185516249033346e-05,0.0003401851647528551,0.0007121194771046146
2.7780017037105588e-05,3.855276831177184e-05,3.9211929413185e-05,2.024229044208017e-05,4.047568038046247e-05,0.00033614882677338997,0.0007031453820419669
2.8233783665760074e-05,3.957831957254279e-05,4.04472470556316e-05,2.0883615279464262e-05,3.962994837583006e-05,0.000332441443112631,0.0006961025373381061
2.8208705840358074e-05,4.2181032808950165e-05,4.196924845600506e-05,2.1266748196635923e-05,3.837102411788298e-05,0.00032837898859482795,0.0006828211463853068
2.6311557961445932e-05,4.3568611023317724e-05,4.062521942310487e-05,2.233259961903995e-05,3.725542550938359e-05,0.00032496515429964145,0.0006764983265640471
2.4920010265036764e-05,4.465495914016917e-05,3.9913135294215625e-05,2.3152168885837408e-05,3.499689329766136e-05,0.000322067439038962,0.0006664589551447695
2.8166168463434504e-05,4.540469001270939e-05,3.97848898725817e-05,2.4173552698126734e-05,3.3110757339243774e-05,0.0003162428946250971,0.0006547339413887988
2.6578136677588926e-05,4.740375278692468e-05,3.9865987719678025e-05,2.4029832007988353e-05,3.1857191955780965e-05,0.00031541227991921215,0.0006412830466661558
2.5668811541396962e-05,4.795997031298038e-05,3.981535495775685e-05,2.2986189565989974e-05,3.093616677667482e-05,0.00031230726366432497,0.0006306064709142013
2.5938708186992133e-05,5.014918838685883e-05,4.043107105558343e-05,2.364293360100498e-05,3.384841541577195e-05,0.0003073905987494423,0.0006057926456710115
2.5844573112283253e-05,5.3695956808552256e-05,3.9149850065940166e-05,2.6355045663326237e-05,3.83241757106763e-05,0.0003197326064077525,0.0005674446866314639
2.925585494515194e-05,5.8158673829938456e-05,3.8480179146121044e-05,2.7595606788353642e-05,3.834299610156877e-05,0.0003389198759279558,0.0005024770409942319
3.085904978594962e-05,5.902134185148209e-05,3.809388915108083e-05,2.7578867070826694e-05,3.877873092871832e-05,0.0003370976753770438,0.0004890706735682248
3.090075132232905e-05,5.8897945683906586e-05,3.667684412540711e-05,2.6722105566807333e-05,3.826651488013377e-05,0.0003358436655700544,0.00047817240058468393
2.9460294053006417e-05,7.371664137138094e-05,3.200234392146317e-05,2.078735947657759e-05,3.3009289597584644e-05,0.0003369160004760046,0.00044005163217063903
2.87395281992178e-05,7.192079858222463e-05,3.283125550635784e-05,2.098167690314947e-05,3.489289750153838e-05,0.00033303218741405095,0.00043431521696011286
2.8080626254562103e-05,7.386905299527402e-05,3.25267893225772e-05,2.1040378054336966e-05,3.772573942986647e-05,0.00032815368156770096,0.00041002062677567046
2.701542874033006e-05,7.178887832645558e-05,3.34869560981982e-05,1.9609557277058943e-05,3.9498205188354135e-05,0.00032876440485721383,0.00039863679724571054
2.6187814373460386e-05,6.75755890847131e-05,3.598849743285671e-05,1.3546363566376788e-05,4.2986866146175376e-05,0.00032842749222318236,0.00038010093823989666
2.1586091263990698e-05,5.313518882334307e-05,4.452541628024501e-05,8.76270855884599e-06,4.598778930076953e-05,0.0003341299101715878,0.0003493297900012133
2.1635036245842166e-05,4.921881541436856e-05,4.696455203776944e-05,6.886262692939117e-06,4.4699505230463775e-05,0.0003204981543470072,0.00035514790176494385
2.1177692601351028e-05,4.784410187599157e-05,5.381725624717903e-05,7.3734146382918625e-06,4.809136002039775e-05,0.0003243659844290206,0.00033866041792111125
1.913200905646898e-05,4.25829390283368e-05,5.913693326547241e-05,1.1252024976073215e-05,5.179362663203441e-05,0.0003120053383006272,0.0003544740231409876
2.1290313459673102e-05,4.3504677385182155e-05,5.480037752402927e-05,1.573868409600511e-05,4.321039889300853e-05,0.0002741090921528958,0.00031096668422254074
2.047666556276418e-05,4.1073790678396405e-05,5.959750769020964e-05,2.354036741892785e-05,3.710525695030428e-05,0.00026978629472605123,0.00030805701137334723
1.6710272629024358e-05,3.846484657029983e-05,6.889249723879277e-05,3.948632289277125e-05,2.8031348540615216e-05,0.000258807152561198,0.00029220445396729134
1.5303829503684883e-05,3.8475486409451284e-05,7.03743915029764e-05,3.092307687695667e-05,2.7910593970516742e-05,0.00023416937194299284,0.0003133501441934261
1.2704742819308592e-05,3.755994919825931e-05,6.834893576090082e-05,2.568207747259808e-05,2.5289024882057533e-05,0.00022823333372594192,0.00028860549720760424
1.5805953842209232e-05,4.307617204113265e-05,3.522248575573655e-05,2.24610343875533e-05,2.3679155737287105e-05,0.0002125665347778493,0.0002642855578582319
1.4920252903229865e-05,4.213055964789838e-05,3.408737046440481e-05,1.685936039762993e-05,1.4147089805938246e-05,0.00018644391471995698,0.00027028501312760945
1.5174181364012244e-05,4.3539954462361575e-05,3.484220898989331e-05,8.27694175087885e-06,1.5519726347567682e-05,0.00016010235242571084,0.000275684862392905
1.5693062888612775e-05,4.6825729638324016e-05,3.252814789901716e-05,5.665906706860629e-06,1.4225546415264725e-05,0.0001454735524198206,0.0002773316150987707
1.5192887077500105e-05,4.4376870525769935e-05,1.45892222986021e-05,2.907450762805807e-06,1.5058501135522488e-05,0.0001261457987359192,0.00028444949719721633
1.6780435403084452e-05,4.285938897954626e-05,1.1117679354485888e-05,-1.1696608688289582e-06,1.2855499835799577e-05,0.000119508948016153,0.0002779779370130909
1.7354761863175222e-05,9.536731261972318e-06,7.114238958316893e-06,-2.876461876706547e-06,1.0802974998606378e-05,0.00010221259918036894,0.00031112538334760755
1.9414895486616145e-05,2.711140849954215e-06,5.303204242605532e-06,-3.612078766454817e-06,1.1382498908026664e-05,9.237042812783391e-05,0.0003035001388847613
2.1013406053345197e-05,2.6619560899384405e-06,4.191216008461811e-06,-7.288104353235833e-06,1.0791364514846955e-05,8.737167949255023e-05,0.00029327870992742474
1.913129949447507e-05,4.20946209972086e-06,2.420602086507373e-06,-6.703522641416806e-06,1.0811360986852219e-05,9.51927696451976e-05,0.0002646249227286568
1.7381662189875594e-05,5.431731230974889e-06,1.563376955842735e-06,-7.191883424753624e-06,1.1437456067803766e-05,0.00010819144035272253,0.0002342231110275362
1.8850699099263638e-05,4.358233326261862e-06,1.7788408612141353e-06,-8.324219505129415e-06,1.1522373771161053e-05,0.0001148631616034176,0.00020600113857714356
2.0027571129833846e-05,1.214114349845803e-06,2.3084433004915664e-06,-5.7943664119756974e-06,1.706853532618132e-05,0.00010586975112416829,0.00018200617891478193
2.1760974671522648e-05,1.0449785636109244e-06,2.761064366725998e-06,-6.610440803070131e-06,1.7544434129609916e-05,8.771676320319843e-05,0.00018932245360173304
2.388341259461596e-05,2.6563062324865883e-06,1.6241001079347382e-06,-6.81756900865711e-06,1.6896182674153665e-05,8.563671302275562e-05,0.00017458774877670823
2.783425137210484e-05,1.8060865775149446e-06,8.035197055340143e-07,-7.107763218947079e-06,1.6553047703515965e-05,7.874895766481668e-05,0.00016184212792879534
2.8896041818182217e-05,3.2428043324128554e-06,4.5654088208356023e-07,-6.413323007463435e-06,1.558112627563819e-05,7.317331663712446e-05,0.00014733705412869064
2.9736094967198376e-05,2.4710961422392518e-06,-4.6954985083519794e-07,-6.433130151353206e-06,1.4929903149945702e-05,6.888445337663432e-05,0.00013803136009950403
2.7230819664782417e-05,2.2057641252654677e-06,-1.0868858193982421e-06,-6.2311252268264655e-06,1.5028886905288024e-05,6.226344602831702e-05,0.00012405598872257495
2.6134924076851755e-05,3.3303442470500273e-06,-9.976145942364433e-07,-6.322908492424964e-06,1.4860208276090978e-05,5.910573293289843e-05,0.00011568287462044075
2.4256736724645404e-05,4.817094975568845e-06,-6.181070410439834e-07,-6.0395769135418116e-06,1.5143107977831338e-05,5.306780541915212e-05,0.00010519316659072526
2.248705352539098e-05,3.703585395598601e-06,2.081342013000403e-07,-7.648554508418014e-06,1.4435478802618172e-05,4.993976361961592e-05,0.00010002143336389618
2.2462513089990545e-05,3.583989425967974e-06,1.131799700380282e-06,-7.860317112045815e-06,1.3824015900995966e-05,4.413575890493438e-05,9.083913448978127e-05
2.1209314626846694e-05,2.563476063921622e-06,1.9916882392862863e-06,-8.36868290442799e-06,1.294335477349231e-05,3.844115471860012e-05,8.272325554895309e-05
1.4896187329505553e-05,-3.5454197387516983e-06,1.1064480502600734e-05,-9.680333694965246e-06,1.1932595731877427e-05,3.398993944495075e-05,7.765277815812238e-05
1.3055074260961038e-05,-6.503028471205476e-06,1.8560072043013646e-05,-1.076866935236104e-05,1.1169449500324004e-05,3.3178346261627925e-05,7.674231682431268e-05
1.1956205521900934e-05,-6.703515487846072e-06,2.1950040168907732e-05,-1.1055006341292957e-05,1.1735072133707277e-05,2.826182739580351e-05,7.028227100882751e-05
1.0496847631861538e-05,-5.547504651937869e-06,2.451934832555859e-05,-1.1145883001070688e-05,1.1625837734018695e-05,2.051070711306748e-05,6.223420791517358e-05
8.156793643277233e-06,-6.074088934570461e-06,2.4909434861560466e-05,-1.1600231634764467e-05,1.142683456855834e-05,1.620873060428293e-05,5.728608795832292e-05
5.8481898480580825e-06,-6.811130180733463e-06,2.7341220296694835e-05,-1.1546244271067218e-05,1.087500487593872e-05,9.219731417764919e-06,5.369678908001092e-05
1.8104915978094005e-06,-7.096008825171455e-06,2.7036854590524408e-05,-1.1516949635671012e-05,9.948064336215551e-06,5.654562442231683e-06,5.136654656072872e-05
-9.634487891746072e-07,-7.356812640101201e-06,2.8803146462820898e-05,-1.1593310967719974e-05,8.767258115499686e-06,5.247579366826424e-07,4.873530428199274e-05
-2.2353798451432242e-06,-6.0436002656795115e-06,3.064039982167761e-05,-1.1635074709825443e-05,9.578202196223552e-06,-5.626187940224895e-06,3.924853514297206e-05
-2.7891917469137027e-06,-7.218557007143888e-06,2.935246011247717e-05,-1.1795711245296242e-05,8.900409409732739e-06,-1.0753635358524888e-05,3.698112023566895e-05
-3.338471984623444e-06,-5.602347073330743e-06,2.5796027663495953e-05,-1.185760311423285e-05,9.189357974818638e-06,-1.4305073531773196e-05,3.075500446564613e-05
-4.090111653522068e-06,-4.958249103186446e-06,2.2356469812567794e-05,-1.0482050304536872e-05,1.1264672427171696e-05,-3.299068883289539e-05,3.6926852054401195e-05
-2.5626789296933047e-06,-4.305424567070177e-06,2.1460380181251916e-05,-1.04232929559071e-05,1.2535404097102393e-05,-4.426417500935626e-05,4.0056681583674534e-05
-2.6508673790611217e-06,-3.7926252834535144e-06,2.3468815454276274e-05,-1.0763424800686396e-05,1.2322408168729008e-05,-5.350947558832894e-05,4.003539716186145e-05
-2.9387814315682895e-06,-3.5540440402623967e-06,2.2231291911673982e-05,-1.1305123283762638e-05,1.301753256792319e-05,-6.536345373006808e-05,4.3319472406065366e-05
-3.3472186394262823e-06,-3.396546079658696e-06,2.160620831079683e-05,-1.1692506175535554e-05,1.3761743750987107e-05,-7.411686677520815e-05,4.4895413341376564e-05
-3.141081901201113e-06,-3.3691805655940708e-06,1.9108785296116987e-05,-1.2237020317935446e-05,1.3340574333477679e-05,-7.548164950465923e-05,4.256313372646111e-05
-2.3878594848251363e-06,-2.9407963441667576e-06,2.138843832837671e-05,-1.2447801871325892e-05,1.2112308205153881e-05,-7.735135169212818e-05,3.036395725891264e-05
-2.233114624949358e-06,-1.42133699540107e-06,2.5688406388898084e-05,-1.0631314078435538e-05,1.0995817488799167e-05,-8.069887630820562e-05,1.7847312529291133e-05
-1.9079689207634877e-06,-1.5265586686568024e-06,2.3640304827561712e-05,-1.0873833525458198e-05,1.050806648251148e-05,-8.06522956275914e-05,1.4862513165727696e-05
-1.5207152114061382e-06,-1.9017163854240471e-06,2.3180282117019858e-05,-1.1661449568382317e-05,9.709504158753178e-06,-8.204801988201427e-05,1.0182342504785674e-05
-1.471447398438201e-06,-2.1570465401520853e-06,1.748149647203941e-05,-1.1739038483951412e-05,9.512148227954182e-06,-7.930119092951081e-05,6.861973052057779e-06
-1.2195083249182661e-06,-2.261728769635871e-06,1.89934005787228e-05,-1.2715336984456787e-05,9.40039558367829e-06,-8.156093851850236e-05,4.272775017783337e-07
-8.695811137190898e-07,-2.1407088354330046e-06,1.914317251342903e-05,-1.3105041552196089e-05,9.055128553616358e-06,-8.239488221781941e-05,-5.477859614546652e-06
-2.702275379448367e-07,-1.7855615319673226e-06,1.8145127684256397e-05,-1.3308708030681314e-05,9.218905954395903e-06,-8.339901126583902e-05,-1.0650297538886495e-05
1.604847142424642e-07,-1.4450904356826885e-06,1.8108190757738185e-05,-1.3214569585301402e-05,8.452158180054907e-06,-8.569351554357225e-05,-1.6134097020811536e-05
6.3779561754612e-07,-1.2432262964213348e-06,1.9717772234313772e-05,-1.3022801337653587e-05,7.980343135460385e-06,-8.851149454939968e-05,-2.2394827737180446e-05
5.633232540274844e-07,-1.2927579800703291e-06,1.7919910058031726e-05,-1.3407098173273912e-05,7.762377626197847e-06,-8.908060212513334e-05,-2.416492492644727e-05
1.5767884103870093e-07,-1.6543241554507497e-06,1.803429530689429e-05,-1.3926801804179978e-05,7.45944896528099e-06,-8.961500639249642e-05,-2.7495063027754402e-05
-1.2129036980129556e-07,-1.7465381936644165e-06,1.9337716847176743e-05,-1.4255948845808657e-05,7.134806894543525e-06,-9.119044857346144e-05,-3.1651403358986666e-05
-3.458702199592632e-07,-2.005505165052627e-06,1.8402817170347954e-05,-1.4609804318413801e-05,6.492625936104825e-06,-9.213156193443926e-05,-3.441580706858988e-05
-5.546915108495589e-07,-2.1096443659413234e-06,1.8022651607082007e-05,-1.5152782533687856e-05,6.347991947868486e-06,-9.32851719511172e-05,-3.6918125460021686e-05
-6.184964951141254e-07,-2.006354160387665e-06,1.9657505978354004e-05,-1.4817057865994078e-05,5.808506525104449e-06,-9.532838310505841e-05,-4.2942159810238024e-05
-5.648120656543866e-07,-1.8671579634071774e-06,1.995596119329837e-05,-1.4289536576704874e-05,5.647959358179468e-06,-9.677107283720208e-05,-4.769444670851106e-05
-7.23161916076946e-07,-2.061996629240212e-06,1.8984573326339444e-05,-1.44281724080904e-05,5.191044363964933e-06,-9.729181335375407e-05,-4.931024564981201e-05
-8.431600376010806e-07,-1.8568511446392384e-06,1.9073292104131233e-05,-1.3302761072353315e-05,5.140382051763488e-06,-9.844006454363454e-05,-5.348060962433537e-05
-9.950799235005962e-07,-1.2921553625187649e-06,1.7342947907027337e-05,-1.1762030488478116e-05,5.112682583162704e-06,-9.975583329044135e-05,-5.906030369191979e-05
-1.3410259124036967e-06,-1.3869024887019192e-06,1.7042638102084373e-05,-1.1242404037641856e-05,4.943609455157831e-06,-0.00010057589251539837,-6.24964615364316e-05
-1.6903182826655326e-06,-1.4982410443931825e-06,1.6486246439069456e-05,-1.1618164712848449e-05,4.383982799417075e-06,-0.00010123094193570117,-6.365233552954597e-05
-1.782597193738528e-06,-1.4452794159927668e-06,1.6618448896242727e-05,-1.1534326900915024e-05,4.202985447306488e-06,-0.00010268387538028584,-6.691512771928429e-05
-1.9770875673292006e-06,-1.214920512730615e-06,1.5985721199450075e-05,-1.1586360736089929e-05,4.108916579075913e-06,-0.0001034205809426793,-6.88354602863649e-05
-2.181743428995514e-06,-1.4210956273163934e-06,1.5684493004407366e-05,-1.1860824779349738e-05,4.025353375059743e-06,-0.000104383934594174,-7.123202021630088e-05
-2.1811797292437808e-06,-1.8460372057995578e-06,1.4988371733983267e-05,-1.2131059097654677e-05,3.7448593758368034e-06,-0.00010535777413779688,-7.249361987266107e-05
-2.3026408049510354e-06,-2.4925617631156953e-06,1.4613654894338278e-05,-1.252185680052582e-05,3.6723476182725398e-06,-0.00010584170653293187,-7.394034221108788e-05
-2.0229110445195696e-06,-2.1745861551283426e-06,1.4157667766547294e-05,-1.2094842720686043e-05,3.4350497032738734e-06,-0.00010689620974093903,-7.790060674188527e-05
-1.7182245452375664e-06,-2.297508361980114e-06,1.3966679726212399e-05,-1.1810434071838437e-05,3.3408385878334243e-06,-0.00010773339097727502,-8.103773262438433e-05
-1.6574415161585714e-06,-2.40996545716392e-06,1.3656447516815114e-05,-1.1651625511769108e-05,3.294576761803468e-06,-0.00010866042403915856,-8.252800668770579e-05
-1.703509418243588e-06,-2.463411064212578e-06,1.3325354711698907e-05,-1.1980971547559028e-05,3.118634462423286e-06,-0.00010944950997216159,-8.435302610528167e-05
-1.6819014321709866e-06,-2.6774889297947657e-06,1.3163515084180357e-05,-1.2262538056844836e-05,3.1435094541535775e-06,-0.00010988772989396085,-8.566380515889824e-05
-1.6764000548421317e-06,-2.751880982734408e-06,1.2504353227394887e-05,-1.2553943256372749e-05,2.89847658515878e-06,-0.00011043029688247444,-8.645008090279952e-05
-1.1787589886518756e-06,-2.6177748294209087e-06,1.2762937858331993e-05,-1.2855261842339645e-05,2.86012354923626e-06,-0.00011132259655023314,-8.945844146359362e-05
-1.0219609682746263e-06,-2.6041503159366434e-06,1.2998035990604758e-05,-1.3116632471126681e-05,2.8523209643169674e-06,-0.0001118465823474235,-9.129746978549957e-05
-1.0810229499023557e-06,-2.8091240037548904e-06,1.2859889133870349e-05,-1.3115270527622956e-05,2.7733136977772885e-06,-0.00011207460793601771,-9.199628301435547e-05
-8.582383757788407e-07,-3.1704502001450037e-06,1.2641669561267224e-05,-1.345640770417269e-05,2.7656827915062686e-06,-0.00011282498973638737,-9.370037193629387e-05
-7.771449871431426e-07,-3.553971388946528e-06,1.2624935858688713e-05,-1.34743602139881e-05,2.8429310452214875e-06,-0.0001130274046453671,-9.428809126847001e-05
-8.115128317412157e-07,-3.8712275306052305e-06,1.2574004167440061e-05,-1.339989018030116e-05,2.867529968038726e-06,-0.0001132921754038917,-9.520650045561129e-05
-9.310552878990549e-07,-4.153512295085016e-06,1.227689976761565e-05,-1.3521880917995696e-05,2.895267269988202e-06,-0.00011378777048339605,-9.619772031990088e-05
-1.082721691770272e-06,-4.308022191314723e-06,1.203707772227612e-05,-1.3567319711855921e-05,2.948346065647859e-06,-0.00011386895732277556,-9.67148418035465e-05
-7.607691883652396e-07,-4.362354673787882e-06,1.2095863471684521e-05,-1.3935359695740062e-05,3.20240610903832e-06,-0.00011392805212317058,-9.78415061663317e-05
-9.644811619277541e-07,-4.496810114756963e-06,1.1965805153633733e-05,-1.4155522461089446e-05,3.166175861030731e-06,-0.0001140430513905913,-9.834522148630374e-05
-1.0195398148371726e-06,-4.657328188021293e-06,1.1707436749349614e-05,-1.434257970243101e-05,3.344197534825901e-06,-0.00011389097605147746,-9.900764946074667e-05
-9.770630713568521e-07,-4.717193790305962e-06,1.1557563667167506e-05,-1.4454272082337889e-05,3.3469817771756083e-06,-0.00011394748791443676,-9.93116341859107e-05
-1.0604157637018603e-06,-4.938357884669291e-06,1.128018557548516e-05,-1.4590119149981888e-05,3.2621631840751718e-06,-0.00011411021887725403,-9.99796760172922e-05
-1.172567652890612e-06,-4.8944336414638535e-06,1.1134598733871652e-05,-1.4978582306360338e-05,3.527849905721182e-06,-0.00011419144530845122,-0.00010065852533043119
-1.4807782009488554e-06,-5.0987303018249615e-06,1.0676264316969996e-05,-1.4585400701587904e-05,3.4322744471996697e-06,-0.00011421655093204695,-0.00010009351756109967
-1.5035688985716277e-06,-4.978404987515005e-06,1.0626004971797596e-05,-1.4861734264805755e-05,3.511646756148203e-06,-0.00011421968500245199,-0.00010057403084127307
-1.4772155759745818e-06,-4.975938324479791e-06,1.0565266881600528e-05,-1.4956465877147854e-05,3.715138727370286e-06,-0.00011415231176463058,-0.00010117491300007493
-1.4758843385649537e-06,-4.973212021913569e-06,1.0424499134046085e-05,-1.5197121816566746e-05,3.6805500287236706e-06,-0.00011374667564068182,-0.00010110192761171229
-1.2662054079527444e-06,-4.788951172729909e-06,1.0558060612819276e-05,-1.5526439829912014e-05,3.858465913252127e-06,-0.00011372817898016571,-0.00010168319006864779
-1.266879302956411e-06,-4.672725989865889e-06,1.0402345648331793e-05,-1.6019795807390753e-05,3.8401891238958124e-06,-0.00011347917808491448,-0.00010166039452043601
-1.3601050886605103e-06,-4.714903630516821e-06,1.0353704330594816e-05,-1.6113025270084778e-05,3.951497563243003e-06,-0.00011338284418790299,-0.00010181409598334331
-1.3394409851035127e-06,-4.581815511461094e-06,1.0310966257150809e-05,-1.679829199916642e-05,4.030060758851937e-06,-0.00011333661897480891,-0.00010220129847879975
-1.3799166034685633e-06,-4.429213675983586e-06,1.0150565916138693e-05,-1.6800430913658714e-05,4.298366808577528e-06,-0.00011295446057829529,-0.00010252468321998112
-1.3758285768763904e-06,-4.36973109543688e-06,1.0313484439771446e-05,-1.726505537297601e-05,4.2014884359519075e-06,-0.00011282649295952401,-0.00010262097047091415
-1.4417274038590366e-06,-4.341317625497414e-06,1.0004117866000301e-05,-1.7682279228769732e-05,4.370982286304225e-06,-0.00011258900690699573,-0.00010176054125385367
-1.4885524355224296e-06,-4.143257557532034e-06,9.37923767618917e-06,-1.7530983611471227e-05,4.3577244593805445e-06,-0.00011217558013101762,-0.00010139502733336607
-1.5076708200580148e-06,-4.0727336840004275e-06,9.237234164818932e-06,-1.863301198382949e-05,4.4033274911614755e-06,-0.00011190894525124662,-0.00010008463885018357
-1.4872559338252526e-06,-3.867814352986675e-06,9.470404137216128e-06,-1.847956294567425e-05,4.875463046708192e-06,-0.00011176124888882852,-0.00010063975732928084
-1.4079340938859698e-06,-3.7002557873635366e-06,9.352062958689697e-06,-1.8331468146437046e-05,4.978955981998572e-06,-0.00011162402560247367,-0.00010089710757719873
-1.4221300619082266e-06,-3.466616374820559e-06,9.355116273632381e-06,-1.8275588766657214e-05,5.005334829717607e-06,-0.00011146597636678285,-0.00010052324513318488
-1.4435142884673133e-06,-3.520591196495978e-06,9.053000076339239e-06,-1.7990492385383787e-05,5.358918842257022e-06,-0.00011098667243012747,-0.00010133708755145923
-1.5042585483121212e-06,-3.4027753876315673e-06,8.93561991339975e-06,-1.7761652654732848e-05,5.416849709414385e-06,-0.0001107246142008797,-0.00010153560776459443
-1.4934312113659722e-06,-3.417458530816355e-06,8.979234532075897e-06,-1.770529525926492e-05,5.52533958286455e-06,-0.00011044511568490299,-0.00010097637902859406
-1.571262531816531e-06,-3.1578921216275514e-06,8.516751965216402e-06,-1.785267360375359e-05,5.616619557472769e-06,-0.00011021800815310927,-0.00010018997404571896
-1.5483655169687602e-06,-2.8223633480264773e-06,8.27404122256188e-06,-1.7881408209965583e-05,5.782627424113386e-06,-0.00010982919957419188,-9.990177093085863e-05
-1.7012509846733192e-06,-2.2047642078500796e-06,7.582562900424447e-06,-1.7626444905485642e-05,6.050850568420095e-06,-0.0001098659480936317,-0.00010012477754387303
-1.8443892026737335e-06,-2.122560114376165e-06,6.855669703837639e-06,-1.7475038213489283e-05,6.1426887083304045e-06,-0.00010954552575328685,-9.907395072834427e-05
-2.1828367804562095e-06,-1.3891898926642042e-06,4.96850629027872e-06,-1.6795756167118173e-05,6.163627749278437e-06,-0.00010936352100772499,-9.934393579159504e-05
-2.247174250707134e-06,-1.1257551366703687e-06,4.24525131466642e-06,-1.652766534167431e-05,6.142210839591504e-06,-0.0001090358759979154,-9.842076369395836e-05
-2.2982784572617338e-06,-1.1692395595077298e-06,4.075159612769665e-06,-1.6504744984868716e-05,6.117139756147494e-06,-0.00010896804433014875,-9.82850976371325e-05
-2.3445864503295633e-06,-1.2278211202333458e-06,3.7930236078686633e-06,-1.6475333031957304e-05,6.233981735579895e-06,-0.00010886256812483136,-9.785646888276666e-05
-2.2570248966726795e-06,-1.3896545364198779e-06,3.264346247840704e-06,-1.6508530223506463e-05,6.3145537337627e-06,-0.00010859760687025932,-9.687585572141484e-05
-2.2821105112947313e-06,-1.3414723286005322e-06,3.3092188786325613e-06,-1.650425828494519e-05,6.510175356343198e-06,-0.00010862498249732229,-9.698967621281665e-05
-2.2959510331740698e-06,-1.221674522091944e-06,3.343326058032207e-06,-1.640922056870947e-05,6.49787221816156e-06,-0.0001085329878615091,-9.723446989071194e-05
-2.2753689772468295e-06,-1.2123392357393155e-06,3.3203477851792197e-06,-1.633129769200118e-05,6.500890747582841e-06,-0.00010857549997389275,-9.726650492055114e-05
-2.246486232506595e-06,-1.1063798273853882e-06,3.1247323598428207e-06,-1.6109898480697843e-05,6.488333468148168e-06,-0.00010852310990882713,-9.739363031190976e-05
-2.2561433286132e-06,-1.0418122474158724e-06,3.044050632448857e-06,-1.607963788030371e-05,6.557850613806826e-06,-0.00010856426873107246,-9.742981132551968e-05
-2.256807782533574e-06,-9.224852203462966e-07,3.023570598364581e-06,-1.6070565393202244e-05,6.550314613957313e-06,-0.00010868989908913485,-9.751389999377369e-05
-2.2777580286279807e-06,-8.645265619139648e-07,2.964081593205267e-06,-1.6079464814684958e-05,6.560693886728991e-06,-0.00010863424886638375,-9.760854947499203e-05
-2.298725809467855e-06,-8.200938140536048e-07,2.8651500539471515e-06,-1.6027577482425334e-05,6.594983217006384e-06,-0.00010862073766316532,-9.777943743517698e-05
-2.393845760363685e-06,-9.546815477489472e-07,2.867606469748656e-06,-1.5933329117840845e-05,6.618204446730475e-06,-0.00010865210801688706,-9.830495207363972e-05
-2.439888627893216e-06,-8.069785580694534e-07,2.6719810398225346e-06,-1.5918052396450943e-05,6.6240805175333125e-06,-0.00010849470333292883,-9.856954424201603e-05
-2.439460580005245e-06,-8.692881349407653e-07,2.711786061777302e-06,-1.5962967996717807e-05,6.692217239122965e-06,-0.00010851915557705021,-9.8716236612189e-05
-2.5661801033866786e-06,-9.718970282777135e-07,2.461930505086433e-06,-1.5991070903799142e-05,6.703668482304239e-06,-0.00010861437348151423,-9.899851640374978e-05
-2.652792318285054e-06,-1.0693861391970043e-06,2.136259510790181e-06,-1.6016617203751897e-05,6.757087645463894e-06,-0.00010872625214440213,-9.95714049506205e-05
-2.8137265716298145e-06,-9.529624653712548e-07,2.6111607719662077e-06,-1.5916361879731572e-05,6.736226832306991e-06,-0.00010894351050894132,-0.00010063059844526814
-2.9345038399437612e-06,-9.975763611767382e-07,2.739490581485112e-06,-1.5880780187588417e-05,6.639582084773066e-06,-0.00010912254853189455,-0.00010131010267898958
-2.9207178175832995e-06,-1.1229146171799082e-06,3.0315564438692036e-06,-1.5873202872022707e-05,6.6369915091324325e-06,-0.00010930296130983397,-0.00010244185693638304
-3.0533340874431458e-06,-1.3217911058417354e-06,3.1472199732514803e-06,-1.593241945773281e-05,6.472048946395248e-06,-0.00010970229534639403,-0.00010351253452223586
-2.841163481785378e-06,-7.845326385218331e-07,3.7548350184651403e-06,-1.6082618755724486e-05,6.4029525773054585e-06,-0.00011004853902904171,-0.00010557070595736586
-2.74150047805304e-06,-6.13332675680392e-07,3.5914186969707143e-06,-1.6142272489303845e-05,6.308012976443548e-06,-0.00011028212258032726,-0.00010643997571671825
-2.823623786880555e-06,-4.568445316585915e-07,3.4302943985459045e-06,-1.615965885541292e-05,6.353223413483648e-06,-0.00011067579822461335,-0.0001076273646801327
-3.005607578715074e-06,-5.600616195576484e-07,3.1850742451628826e-06,-1.6214656784511716e-05,6.223198275147084e-06,-0.00011096921368328052,-0.00010863183845424787
-3.0917506485270357e-06,-6.166822862910873e-07,3.023039736809199e-06,-1.630982209210726e-05,6.2161378021947085e-06,-0.00011125599444756807,-0.00010957803366451252
-3.2106235229928605e-06,-6.146270021661491e-07,2.772829935506546e-06,-1.6398481690606908e-05,6.154142758018469e-06,-0.00011172992335398599,-0.00011055308939044119
-3.2390700826822958e-06,-4.5594460765966987e-07,2.490072628370257e-06,-1.566569658255868e-05,6.145716734454446e-06,-0.00011224526541450253,-0.00011215958494209008
-2.459281503109308e-06,-2.1259698086480493e-07,2.2945986522284022e-06,-1.557929418069369e-05,6.051286004029118e-06,-0.00011317776062370624,-0.00011496005696788445
-2.139799563624085e-06,-2.4921790049084983e-07,2.0674820883092428e-06,-1.5474980178118586e-05,5.97997334377062e-06,-0.00011349591611401875,-0.00011618731394249413
-1.8098993150045917e-06,-3.24372646569146e-07,1.6161158942652345e-06,-1.558560384651539e-05,5.934149377018189e-06,-0.00011399531680286977,-0.00011808817826032433
-1.5153582872260294e-06,-5.864397226639279e-07,1.2012782199274582e-06,-1.5540050074390344e-05,5.880708893365875e-06,-0.00011436575294209079,-0.00011987415835358792
-7.558702418962517e-07,-4.0066828030603306e-07,6.646790471429751e-07,-1.5954952518235714e-05,5.841888760803214e-06,-0.00011510999543438829,-0.00012148818693311779
-8.61002555937391e-07,-5.832855512280353e-07,4.864951662890323e-07,-1.6220058829593124e-05,5.722753708193799e-06,-0.0001155408950447821,-0.00012266711249294115
-3.1343482147399703e-07,-3.0532046553448857e-07,6.155759504568631e-08,-1.6313634200722724e-05,5.502765225267991e-06,-0.00011628509238954106,-0.00012488994654304353
1.8281941932301003e-07,-1.567730794564973e-08,1.435455993287145e-07,-1.67246996290492e-05,5.391351549971283e-06,-0.0001167367323075555,-0.00012694371292407608
5.439065367347234e-07,-1.8612637979650751e-09,-2.651736675477683e-07,-1.683545250101229e-05,5.301971275933376e-06,-0.00011767269815781915,-0.00012885713115582867
9.146094159297242e-07,-3.17898037236386e-08,-3.759963874879513e-07,-1.7183478516255877e-05,5.209177799965772e-06,-0.0001182683365942388,-0.00013083729151419085
5.460980718768075e-07,-1.5218610117172905e-07,-6.08491548439263e-07,-1.740130085339998e-05,4.897931107390474e-06,-0.00011918072993744874,-0.00013171109300547635
2.774821440813366e-07,-4.745290273964902e-07,-2.6871943345551356e-07,-1.7670720271232687e-05,4.800637669560492e-06,-0.00012005690791650712,-0.0001332903487650514
-1.5636686826652806e-07,-1.6073451654514387e-07,-1.1852678347152517e-07,-1.783005809421087e-05,4.4913260330510155e-06,-0.0001211538642442646,-0.00013508821445962782
-1.7099499420247866e-07,-1.858808063325498e-07,-2.798506419076836e-07,-1.835819524494216e-05,4.230864975557709e-06,-0.00012179245703059416,-0.00013622659185758056
-6.905930944584747e-07,1.1795548048766164e-07,1.6485917570749997e-07,-1.8494619456856882e-05,4.234239414104427e-06,-0.00012269505028547685,-0.00013799323016684323
-5.519571259768892e-07,-5.449688473595112e-08,6.784043008248457e-07,-1.9278063722003928e-05,4.174828100283299e-06,-0.00012331023416464675,-0.0001404882527704122
-4.020243647681234e-07,-1.1449752055739829e-07,8.014710317994686e-07,-1.9552124368978737e-05,3.6559437003090727e-06,-0.00012401419995177382,-0.00014188434079269644
-8.313491540734174e-07,-2.885211518292932e-07,1.5289605681077633e-06,-1.963012963394136e-05,3.4485244464106916e-06,-0.00012511120274604826,-0.00014271272126196131
-5.071713810700088e-07,-3.572319761152474e-07,1.7790043597207906e-06,-2.0315317610177905e-05,3.4183983139614047e-06,-0.00012557001278755336,-0.000144834107852099
-6.065468672288309e-07,-7.444477945145317e-07,1.9217459742892887e-06,-2.0696931973217207e-05,3.1985042865158715e-06,-0.00012603651860093574,-0.00014641891062491027
-1.13164515125382e-06,-1.0181315381737526e-06,2.8584858711444012e-06,-2.1265596080230423e-05,3.099742959480864e-06,-0.00012660411959362913,-0.00014813517540067267
-1.541954456884453e-06,-9.289768640021305e-07,3.43084447605471e-06,-2.1754550411051483e-05,2.953231423050574e-06,-0.00012686719184309083,-0.00015029450792407553
-1.9744382403521996e-06,-1.1639492555313241e-06,3.481649556601974e-06,-2.2332639918433783e-05,2.418712724497942e-06,-0.00012781472976898162,-0.00015066104403113414
-1.3751511409574295e-06,-2.680185278219875e-07,3.768612617865697e-06,-2.3018371359839268e-05,2.5243118404801045e-06,-0.0001285474688995113,-0.00015465702013021793
-1.6210793155380218e-06,-2.076963642558091e-07,3.9095398557819425e-06,-2.320520804912438e-05,2.442935724663893e-06,-0.0001291110941133186,-0.0001571505033382131
-1.509800942988453e-06,-2.60339862195641e-07,4.0026123608728644e-06,-2.37359500930508e-05,2.3109171923419496e-06,-0.00012988843793235454,-0.00015826543965596367
-1.0584611347653503e-06,-4.585019696324739e-08,4.214233035640836e-06,-2.42786477596363e-05,2.4692721063324524e-06,-0.0001306874782244505,-0.0001610995067594954
-1.2325379850464632e-06,-4.891831102935043e-07,4.615113255758656e-06,-2.3870646005544092e-05,2.3167053383120654e-06,-0.0001315956969363949,-0.00016346019349012918
-1.4617469540869746e-06,-1.2969594656911867e-07,4.293485069040423e-06,-2.419640647786409e-05,2.335732665731987e-06,-0.0001320893194312454,-0.00016531182119167745
-1.473470773217104e-06,2.3389183263405158e-08,4.344079260261113e-06,-2.4264875346828222e-05,2.178656326729264e-06,-0.00013301582437656747,-0.00016675505987364544
-1.7181293920711177e-06,-4.69862470092599e-07,4.287791926763186e-06,-2.4181829287855872e-05,2.081968362698581e-06,-0.00013381269083323163,-0.000167507020572881
-1.6761806822999743e-06,-7.023397854058685e-07,4.288497638910703e-06,-2.4242719714213647e-05,1.9993720681610783e-06,-0.0001346685428769348,-0.00016867785891488648
-2.0865793881534424e-06,-3.8538252642979265e-07,4.318105344598574e-06,-2.441086299702557e-05,1.945560612235715e-06,-0.00013569256564690638,-0.00017034804766498992
-2.3317952232316076e-06,5.444863028886324e-07,4.121897031953072e-06,-2.4358037719719854e-05,1.8209706305666663e-06,-0.00013699402269893676,-0.00017205993725685949
-2.3666393465309356e-06,4.3590877133161793e-07,3.858261312836958e-06,-2.4730375175808415e-05,1.6831018985567263e-06,-0.00013749629616804622,-0.00017296706689234388
-2.2271571353952972e-06,5.464049164356954e-07,3.870969090410749e-06,-2.4406549172783213e-05,1.674101506648011e-06,-0.0001384228121926942,-0.00017452806261262447
-2.0255134860948303e-06,3.9830388831661444e-07,3.900653830691281e-06,-2.4622804845205875e-05,1.5889137767185069e-06,-0.00013893236538749183,-0.00017579029337693366
-1.8902205543584575e-06,5.43950602265364e-07,4.093132574511357e-06,-2.491627319413795e-05,1.4457893945432696e-06,-0.00013953562879302317,-0.00017716052229646635
-1.3056828892728206e-06,1.3839403390532128e-06,4.363176103048633e-06,-2.452714496111328e-05,1.4956437141008783e-06,-0.00014060310458609065,-0.0001803132666530574
-1.3357933591723137e-06,1.176026122217358e-06,4.596009019378248e-06,-2.5071972762030592e-05,1.154697766539703e-06,-0.00014104017076297623,-0.00018121523495728982
-1.0266976104870042e-06,9.352573226270208e-07,4.805580719410402e-06,-2.5514798024780873e-05,1.1292022328449452e-06,-0.00014144297406181938,-0.00018206200951112882
-9.156230260206607e-07,7.802720930460358e-07,4.965009531218466e-06,-2.5834045017455394e-05,7.820555581988104e-07,-0.00014186762466953837,-0.00018250648340278216
-7.260001516418089e-07,5.004751082847315e-07,5.501826824434138e-06,-2.5847323215853707e-05,7.74416333491154e-07,-0.0001424988070638884,-0.00018295436010149212
-5.81534364354115e-07,2.8669064350104835e-07,5.617004225313912e-06,-2.619261294474622e-05,6.513522137178467e-07,-0.00014283482341558495,-0.00018341251529117945
-3.2531187140344465e-07,5.217524603138192e-07,5.649101632304398e-06,-2.652334581600006e-05,6.46563645816958e-07,-0.00014374096041791659,-0.00018571090523311222
-2.961865281270402e-07,4.522976127893929e-07,5.5968159786950215e-06,-2.6484223463718147e-05,4.92965651670066e-07,-0.00014421763601534538,-0.0001865204721692941
-1.7889732190537363e-07,3.264568059278931e-07,5.673325144722634e-06,-2.657483224545836e-05,4.138933451322922e-07,-0.00014507534068968796,-0.00018752437730539244
-5.992033915807516e-08,3.415753641157777e-07,5.629144060649541e-06,-2.6795923436243084e-05,3.8500530482257793e-07,-0.0001458451016366376,-0.00018852455158421287
-1.3421446540400828e-07,2.3392998131768337e-07,5.708994124267489e-06,-2.697760756373698e-05,2.3960913512384844e-07,-0.00014658121077433943,-0.00018894927270389172
-1.637914601131346e-07,7.456944106684622e-08,5.654667548971443e-06,-2.706743504571477e-05,2.2814664495024178e-07,-0.0001471285986152014,-0.00018944733078062176
-1.62267280310528e-07,-4.729506872041916e-08,5.633408995498751e-06,-2.7246047474418683e-05,2.0783456643681012e-07,-0.00014760431538230127,-0.0001897410906228493
-2.20455710293463e-07,-2.0108043738751823e-07,5.513317496321364e-06,-2.7425569700682844e-05,1.413198970781679e-07,-0.0001478689424148264,-0.00018988502806353903
-2.5714610844371965e-07,-2.691636672302866e-07,5.425321049368837e-06,-2.7491692189377473e-05,5.57760614174186e-08,-0.00014796009411405993,-0.0001899527732983369
-2.1268789724603864e-07,-1.9093726579595177e-07,5.391130723971558e-06,-2.7376425373692728e-05,5.4952697420338196e-08,-0.00014782582411197848,-0.00018980331437267354
-1.9553799872029358e-07,-1.4120843039257492e-07,5.38176257439459e-06,-2.7362029375013984e-05,5.280592926261612e-08,-0.0001478145460587983,-0.0001898076855740602
-2.6020246220951667e-07,-2.166763075120209e-07,5.2992437832695455e-06,-2.733507926421782e-05,8.062542009569618e-08,-0.00014780131579505547,-0.00018959970097436442
-3.221761539233333e-07,-2.4695431836051376e-07,5.27985172419212e-06,-2.7243073896690585e-05,8.328014003658192e-08,-0.00014783765613769564,-0.00018952971029088562
-3.528077643038696e-07,-3.0057009328311427e-07,5.275022235209851e-06,-2.7201455546299606e-05,1.1434596698473638e-07,-0.00014785599406535958,-0.00018946497966627527
-3.5027004547370966e-07,-3.2318353726496094e-07,5.274304307271969e-06,-2.7246022978186268e-05,1.2963520678009158e-07,-0.0001476486940256814,-0.00018900554119410587
-3.5154230025373493e-07,-3.0833149098672685e-07,5.2817240092296416e-06,-2.726452482571066e-05,1.1553785916012833e-07,-0.00014734156738675867,-0.0001889010681313395
-2.991177602705416e-07,-4.83486417044282e-07,5.273492540465254e-06,-2.719744504804735e-05,1.2331162193844026e-07,-0.0001469238568471152,-0.00018830600368991996
-3.1488003950148205e-07,-6.59437016424101e-07,5.2681145856477975e-06,-2.7099529698643305e-05,9.284945664876405e-08,-0.00014633596605453797,-0.00018757092349985048
-2.65300797402602e-07,-5.417483415572937e-07,5.346021077605086e-06,-2.7147174964748547e-05,7.020842360857514e-08,-0.000146138850697566,-0.00018727626029993265
-3.9213219468630746e-07,-6.49021300836982e-07,5.318754641130447e-06,-2.7255115588663694e-05,8.253967139885857e-08,-0.00014527505033352697,-0.00018615974716147348
-8.016419823455034e-07,-1.2217434738130573e-06,4.994278582221131e-06,-2.6751895331871683e-05,8.85431223539682e-08,-0.0001437267218630474,-0.0001833905913201577
-9.580373784769537e-07,-1.132429313048063e-06,4.99868339230896e-06,-2.679634995056805e-05,5.570941577387891e-08,-0.0001435176032425168,-0.00018278307852346676
-1.2305399204329358e-06,-1.0334414079829352e-06,5.0454673627562355e-06,-2.6878205811652666e-05,7.083220896825884e-08,-0.00014293647435714086,-0.00018155741034117578
-1.5458362771053617e-06,-9.706827702016852e-07,4.884693861572278e-06,-2.6667090200818996e-05,3.244269223243235e-08,-0.00014244377847164407,-0.0001806028544340287
-1.5544430894574592e-06,-8.249083039652304e-07,4.977966172968799e-06,-2.6139594795356046e-05,5.4245893641848524e-08,-0.00014164590101612077,-0.00017921380379504122
-2.174442823386746e-06,-1.8995675761175738e-06,4.637325874514051e-06,-2.5892792685267085e-05,5.7737472513912956e-08,-0.00014057683705852086,-0.00017515119547040014
-2.3606392724916777e-06,-2.4474177820388085e-06,4.556328756837564e-06,-2.5623797452022668e-05,2.336057265563806e-07,-0.00013985718002266367,-0.00017353400555417483
-2.3996259565016646e-06,-2.250865148469435e-06,4.772858440783865e-06,-2.566728538482985e-05,2.3125061415186688e-07,-0.00013897752142264937,-0.00017216858340915323
-2.5659897658328004e-06,-2.5553744093377433e-06,4.858387846376146e-06,-2.565023171750919e-05,5.180102481863733e-07,-0.00013813232937025003,-0.0001707755784316357
-2.8067036744182256e-06,-2.581512870663913e-06,4.7510728181908725e-06,-2.567712475397669e-05,7.696102174243618e-07,-0.0001376270232024816,-0.0001698414241340795
-2.7390787081680657e-06,-3.199325275536583e-06,4.733012655148379e-06,-2.5438268448908484e-05,8.163798293275858e-07,-0.0001368084145676595,-0.0001683407444175395
-2.5545565975824716e-06,-3.763808389047585e-06,4.78140141988098e-06,-2.5364117371629556e-05,1.1509990371995456e-06,-0.0001356367358959875,-0.0001655996211361662
-2.501516300871054e-06,-3.337121672138716e-06,5.119606083063404e-06,-2.5824382519629936e-05,1.2844641430671466e-06,-0.0001348655559069879,-0.00016507193275983582
-2.3845144325853807e-06,-2.713193173774167e-06,5.421771954853705e-06,-2.6306754359442864e-05,1.498939392243277e-06,-0.00013393645860462089,-0.0001648228963766721
-2.4881872412002783e-06,-2.737520412963232e-06,5.583581776395883e-06,-2.6433623462721787e-05,1.939585968202899e-06,-0.000132910022326043,-0.000162870253235002
-2.5169439736617006e-06,-2.82844656502127e-06,5.586991615952632e-06,-2.6191170011102913e-05,2.149971320339462e-06,-0.00013220288371953016,-0.0001615072909336432
-2.3450641686809986e-06,-2.5910752211431717e-06,5.832800671139699e-06,-2.6703937650709692e-05,2.3818252097110817e-06,-0.00013109901660771862,-0.00015927863783259965
-2.8258675318326914e-06,-3.1155698591653695e-06,5.768474182343691e-06,-2.567049382688413e-05,2.184483267157951e-06,-0.00013050649427092867,-0.00015690763756069152
-3.1619404239297258e-06,-3.1050477184618684e-06,5.727706902401362e-06,-2.5371511694438006e-05,2.291777812197512e-06,-0.00012986968760966516,-0.00015589440286810355
-3.0074789413795467e-06,-2.9576228344761146e-06,6.22697868449892e-06,-2.4569637645188463e-05,2.480164533126798e-06,-0.00012892307298778219,-0.00015278576974212956
-3.3497150695546535e-06,-3.8394694347126725e-06,6.425069624742696e-06,-2.3551273159660827e-05,2.372916247297299e-06,-0.00012792287115356458,-0.00014864776265454546
-3.4945866152502426e-06,-3.4506071540916028e-06,6.33845235534181e-06,-2.3712990459973755e-05,2.4060095017327394e-06,-0.00012726787839862453,-0.00014828817149580088
-3.890314694319218e-06,-3.901082806437556e-06,6.295136737089079e-06,-2.350105409122997e-05,2.699140016247433e-06,-0.00012676845011411948,-0.00014587648064723292
-3.943173801853837e-06,-4.058817049317987e-06,6.441265839354818e-06,-2.317112460398012e-05,2.481740681192826e-06,-0.00012627450907288913,-0.00014290182092584346
-4.317865498769332e-06,-3.6252633400788696e-06,6.148022774403505e-06,-2.276143235253399e-05,2.614946176476638e-06,-0.00012553110614501548,-0.00014151707388115263
-4.5023121809907395e-06,-3.8127444822677684e-06,5.998777931627821e-06,-2.1820742738058084e-05,2.479476294308029e-06,-0.0001250268343573114,-0.0001384787260673135
-4.777370753471585e-06,-3.3172133716980887e-06,4.95208563557372e-06,-2.1743227778689155e-05,2.708755971580983e-06,-0.00012431396780161077,-0.00013638550083502096
-4.928229004666445e-06,-2.9692410890635374e-06,4.741787177630991e-06,-2.1648139255293318e-05,2.9618381673855662e-06,-0.00012326664235388904,-0.00013554447924210672
-4.736739751340473e-06,-3.340519822206457e-06,4.62775808826521e-06,-2.0808629645235417e-05,3.1659027009506137e-06,-0.0001220824471304039,-0.0001314550967067008
-5.162689011767481e-06,-3.198690247971748e-06,4.141439281258409e-06,-2.0228885587790133e-05,3.547381554167915e-06,-0.0001217862781106031,-0.0001309720501439644
-5.125954480123103e-06,-2.9032541711131425e-06,3.7269760907535463e-06,-1.9895567372109766e-05,3.86164629705948e-06,-0.00012049555253502868,-0.0001297013994294442
-4.9116919571430455e-06,-2.6708466263958772e-06,3.3873847137044247e-06,-1.925937866028267e-05,4.064882459664043e-06,-0.00011957563237781345,-0.0001280111564850723
-4.786258373096829e-06,-2.281392174666143e-06,3.087072856097552e-06,-1.872720575958446e-05,4.480656569836649e-06,-0.00011868059862976777,-0.00012662204675549006
-5.058163419259663e-06,-2.484316468097813e-06,3.396294906084428e-06,-1.8218969493599158e-05,4.567331336177372e-06,-0.00011766940113994671,-0.00012430254798802588
-4.897678992994601e-06,-2.4049371265685343e-06,3.768168979750575e-06,-1.7896080514008986e-05,4.734853202340787e-06,-0.0001166048888336621,-0.00012267254231485735
-5.052851285180286e-06,-3.148521837640594e-06,3.5867773839529865e-06,-1.7238865361006356e-05,5.357404254589739e-06,-0.00011558630078062586,-0.00011993741464075718
-5.038381015852293e-06,-2.97098933346042e-06,3.904994801459478e-06,-1.7001124199584182e-05,5.401285585200563e-06,-0.00011488498848163481,-0.0001173272362894638
-5.117807395458144e-06,-2.4704382006718417e-06,4.9451466946911345e-06,-1.6832966773097437e-05,5.683891086293244e-06,-0.0001140466238141349,-0.00011492764053095618
